name,url,cr,type,size,ac,hp,align,legendary,source,release_date,str,dex,con,int,wis,cha,fly_speed,swim_speed,type_grouped,align_grouped,source_grouped
aarakocra,https://www.aidedd.org/dnd/monstres.php?vo=aarakocra,0.25,humanoid (aarakocra),Medium,12,13,neutral good,0,Monster Manual (BR),03/07/2014,10.0,14.0,10.0,11.0,12.0,11.0,1,0,humanoid,Good,Monster Manual (BR)
abjurer,,9.0,humanoid (any race),Medium,12,84,any alignment,0,Volo's Guide to Monsters,15/11/2016,9.0,14.0,14.0,18.0,12.0,11.0,0,0,humanoid,Neutral,Volo's Guide to Monsters
aboleth,https://www.aidedd.org/dnd/monstres.php?vo=aboleth,10.0,aberration,Large,17,135,lawful evil,1,Monster Manual (SRD),12/01/2016,21.0,9.0,15.0,18.0,15.0,18.0,0,1,aberration,Evil,Monster Manual (SRD)
abominable-yeti,,9.0,monstrosity,Huge,15,137,chaotic evil,0,Monster Manual,30/09/2014,24.0,10.0,22.0,9.0,13.0,9.0,0,0,monstrosity,Evil,Monster Manual
acererak,,23.0,undead,Medium,21,285,neutral evil,0,Adventures (Tomb of Annihilation),19/09/2017,13.0,16.0,20.0,27.0,21.0,20.0,0,0,undead,Evil,Adventures
acolyte,https://www.aidedd.org/dnd/monstres.php?vo=acolyte,0.25,humanoid (any race),Medium,10,9,any alignment,0,Monster Manual (SRD),12/01/2016,10.0,10.0,10.0,10.0,14.0,11.0,0,0,humanoid,Neutral,Monster Manual (SRD)
adult-black-dragon,https://www.aidedd.org/dnd/monstres.php?vo=adult-black-dragon,14.0,dragon,Huge,19,195,chaotic evil,1,Monster Manual (SRD),12/01/2016,23.0,14.0,21.0,14.0,13.0,17.0,1,1,dragon,Evil,Monster Manual (SRD)
adult-blue-dracolich,,17.0,undead,Huge,19,225,lawful evil,1,Monster Manual,30/09/2014,25.0,10.0,23.0,16.0,15.0,19.0,1,0,undead,Evil,Monster Manual
adult-blue-dragon,https://www.aidedd.org/dnd/monstres.php?vo=adult-blue-dragon,16.0,dragon,Huge,19,225,lawful evil,1,Monster Manual (SRD),12/01/2016,25.0,10.0,23.0,16.0,15.0,19.0,1,0,dragon,Evil,Monster Manual (SRD)
adult-brass-dragon,https://www.aidedd.org/dnd/monstres.php?vo=adult-brass-dragon,13.0,dragon,Huge,18,172,chaotic good,1,Monster Manual (SRD),12/01/2016,23.0,10.0,21.0,14.0,13.0,17.0,1,0,dragon,Good,Monster Manual (SRD)
adult-bronze-dragon,https://www.aidedd.org/dnd/monstres.php?vo=adult-bronze-dragon,15.0,dragon,Huge,19,212,lawful good,1,Monster Manual (SRD),12/01/2016,25.0,10.0,23.0,16.0,15.0,19.0,1,1,dragon,Good,Monster Manual (SRD)
adult-copper-dragon,https://www.aidedd.org/dnd/monstres.php?vo=adult-copper-dragon,14.0,dragon,Huge,18,184,chaotic good,1,Monster Manual (SRD),12/01/2016,23.0,12.0,21.0,18.0,15.0,17.0,1,0,dragon,Good,Monster Manual (SRD)
adult-gold-dragon,https://www.aidedd.org/dnd/monstres.php?vo=adult-gold-dragon,17.0,dragon,Huge,19,256,lawful good,1,Monster Manual (SRD),12/01/2016,27.0,14.0,25.0,16.0,15.0,24.0,1,1,dragon,Good,Monster Manual (SRD)
adult-green-dragon,https://www.aidedd.org/dnd/monstres.php?vo=adult-green-dragon,15.0,dragon,Huge,19,207,lawful evil,1,Monster Manual (SRD),12/01/2016,23.0,12.0,21.0,18.0,15.0,17.0,1,1,dragon,Evil,Monster Manual (SRD)
adult-kruthik,,2.0,monstrosity,Medium,18,39,unaligned,0,Mordenkainen's Tome of Foes,29/05/2018,15.0,16.0,15.0,7.0,12.0,8.0,0,0,monstrosity,Unaligned,Mordenkainen's Tome of Foes
adult-oblex,,5.0,ooze,Medium,14,75,lawful evil,0,Mordenkainen's Tome of Foes,29/05/2018,8.0,19.0,16.0,19.0,12.0,15.0,0,0,ooze,Evil,Mordenkainen's Tome of Foes
adult-red-dragon,https://www.aidedd.org/dnd/monstres.php?vo=adult-red-dragon,17.0,dragon,Huge,19,256,chaotic evil,1,Monster Manual (SRD),12/01/2016,27.0,10.0,25.0,16.0,13.0,21.0,1,0,dragon,Evil,Monster Manual (SRD)
adult-silver-dragon,https://www.aidedd.org/dnd/monstres.php?vo=adult-silver-dragon,16.0,dragon,Huge,19,243,lawful good,1,Monster Manual (SRD),12/01/2016,27.0,10.0,25.0,16.0,13.0,21.0,1,0,dragon,Good,Monster Manual (SRD)
adult-white-dragon,https://www.aidedd.org/dnd/monstres.php?vo=adult-white-dragon,13.0,dragon,Huge,18,200,chaotic evil,1,Monster Manual (SRD),12/01/2016,22.0,10.0,22.0,8.0,12.0,12.0,1,1,dragon,Evil,Monster Manual (SRD)
air-elemental,https://www.aidedd.org/dnd/monstres.php?vo=air-elemental,5.0,elemental,Large,15,90,neutral,0,Monster Manual (SRD),12/01/2016,14.0,20.0,14.0,6.0,10.0,6.0,1,0,elemental,Neutral,Monster Manual (SRD)
air-elemental-myrmidon,,7.0,elemental,Medium,18,117,neutral,0,Mordenkainen's Tome of Foes,29/05/2018,18.0,14.0,14.0,9.0,10.0,10.0,1,0,elemental,Neutral,Mordenkainen's Tome of Foes
albino-dwarf-warrior,,0.25,humanoid (dwarf),Medium,13,30,any alignment,0,Adventures (Tomb of Annihilation),19/09/2017,13.0,13.0,17.0,12.0,14.0,11.0,0,0,humanoid,Neutral,Adventures
aldani,,1.0,monstrosity,Medium,14,49,lawful neutral,0,Adventures (Tomb of Annihilation),19/09/2017,13.0,8.0,12.0,10.0,14.0,10.0,0,1,monstrosity,Neutral,Adventures
alhoon,,10.0,undead,Medium,15,120,any evil alignment,0,Volo's Guide to Monsters,15/11/2016,11.0,12.0,16.0,19.0,17.0,17.0,0,0,undead,Evil,Volo's Guide to Monsters
alkilith,,11.0,fiend (demon),Medium,17,157,chaotic evil,0,Mordenkainen's Tome of Foes,29/05/2018,12.0,19.0,22.0,6.0,11.0,7.0,0,0,fiend,Evil,Mordenkainen's Tome of Foes
allip,,5.0,undead,Medium,13,40,neutral evil,0,Mordenkainen's Tome of Foes,29/05/2018,6.0,17.0,10.0,17.0,15.0,16.0,1,0,undead,Evil,Mordenkainen's Tome of Foes
allosaurus,https://www.aidedd.org/dnd/monstres.php?vo=allosaurus,2.0,beast,Large,13,51,unaligned,0,Monster Manual (SRD),12/01/2016,19.0,13.0,17.0,2.0,12.0,5.0,0,0,beast,Unaligned,Monster Manual (SRD)
ambush-drake,,0.5,dragon,Medium,13,22,unaligned,0,Adventures (Tyranny of Dragons),19/08/2014,13.0,15.0,14.0,4.0,11.0,6.0,0,0,dragon,Unaligned,Adventures
amnizu,,18.0,fiend (devil),Medium,21,202,lawful evil,0,Mordenkainen's Tome of Foes,29/05/2018,11.0,13.0,16.0,20.0,12.0,18.0,1,0,fiend,Evil,Mordenkainen's Tome of Foes
ancient-black-dragon,https://www.aidedd.org/dnd/monstres.php?vo=ancient-black-dragon,21.0,dragon,Gargantuan,22,367,chaotic evil,1,Monster Manual (SRD),12/01/2016,27.0,14.0,25.0,16.0,15.0,19.0,1,1,dragon,Evil,Monster Manual (SRD)
ancient-blue-dragon,https://www.aidedd.org/dnd/monstres.php?vo=ancient-blue-dragon,23.0,dragon,Gargantuan,22,481,lawful evil,1,Monster Manual (SRD),12/01/2016,29.0,10.0,27.0,18.0,17.0,21.0,1,0,dragon,Evil,Monster Manual (SRD)
ancient-brass-dragon,https://www.aidedd.org/dnd/monstres.php?vo=ancient-brass-dragon,20.0,dragon,Gargantuan,20,297,chaotic good,1,Monster Manual (SRD),12/01/2016,27.0,10.0,25.0,16.0,15.0,19.0,1,0,dragon,Good,Monster Manual (SRD)
ancient-bronze-dragon,https://www.aidedd.org/dnd/monstres.php?vo=ancient-bronze-dragon,22.0,dragon,Gargantuan,22,444,lawful good,1,Monster Manual (SRD),12/01/2016,29.0,10.0,27.0,18.0,17.0,21.0,1,1,dragon,Good,Monster Manual (SRD)
ancient-copper-dragon,https://www.aidedd.org/dnd/monstres.php?vo=ancient-copper-dragon,21.0,dragon,Gargantuan,21,350,chaotic good,1,Monster Manual (SRD),12/01/2016,27.0,12.0,25.0,20.0,17.0,19.0,1,0,dragon,Good,Monster Manual (SRD)
ancient-gold-dragon,https://www.aidedd.org/dnd/monstres.php?vo=ancient-gold-dragon,24.0,dragon,Gargantuan,22,546,lawful good,1,Monster Manual (SRD),12/01/2016,30.0,14.0,29.0,18.0,17.0,28.0,1,1,dragon,Good,Monster Manual (SRD)
ancient-green-dragon,https://www.aidedd.org/dnd/monstres.php?vo=ancient-green-dragon,22.0,dragon,Gargantuan,21,385,lawful evil,1,Monster Manual (SRD),12/01/2016,27.0,12.0,25.0,20.0,17.0,19.0,1,1,dragon,Evil,Monster Manual (SRD)
ancient-red-dragon,https://www.aidedd.org/dnd/monstres.php?vo=ancient-red-dragon,24.0,dragon,Gargantuan,22,546,chaotic evil,1,Monster Manual (SRD),12/01/2016,30.0,10.0,29.0,18.0,15.0,23.0,1,0,dragon,Evil,Monster Manual (SRD)
ancient-shadow,https://www.aidedd.org/dnd/monstres.php?vo=ancient-shadow,1.0,undead,Medium,13,32,chaotic evil,0,Extra (AideDD),,6.0,16.0,14.0,6.0,10.0,8.0,0,0,undead,Evil,Extra
ancient-silver-dragon,https://www.aidedd.org/dnd/monstres.php?vo=ancient-silver-dragon,23.0,dragon,Gargantuan,22,487,lawful good,1,Monster Manual (SRD),12/01/2016,30.0,10.0,29.0,18.0,15.0,23.0,1,0,dragon,Good,Monster Manual (SRD)
ancient-white-dragon,https://www.aidedd.org/dnd/monstres.php?vo=ancient-white-dragon,20.0,dragon,Gargantuan,20,333,chaotic evil,1,Monster Manual (SRD),12/01/2016,26.0,10.0,26.0,10.0,13.0,14.0,1,1,dragon,Evil,Monster Manual (SRD)
androsphinx,https://www.aidedd.org/dnd/monstres.php?vo=androsphinx,17.0,monstrosity,Large,17,199,lawful neutral,1,Monster Manual (SRD),12/01/2016,22.0,10.0,20.0,16.0,18.0,23.0,1,0,monstrosity,Neutral,Monster Manual (SRD)
animated-armor,https://www.aidedd.org/dnd/monstres.php?vo=animated-armor,1.0,construct,Medium,18,33,unaligned,0,Monster Manual (SRD),12/01/2016,14.0,11.0,13.0,1.0,3.0,1.0,0,0,construct,Unaligned,Monster Manual (SRD)
ankheg,https://www.aidedd.org/dnd/monstres.php?vo=ankheg,2.0,monstrosity,Large,14,39,unaligned,0,Monster Manual (SRD),12/01/2016,17.0,11.0,13.0,1.0,13.0,6.0,0,0,monstrosity,Unaligned,Monster Manual (SRD)
ankylosaurus,https://www.aidedd.org/dnd/monstres.php?vo=ankylosaurus,3.0,beast,Huge,15,68,unaligned,0,Monster Manual (SRD),12/01/2016,19.0,11.0,15.0,2.0,12.0,5.0,0,0,beast,Unaligned,Monster Manual (SRD)
annis-hag,https://www.aidedd.org/dnd/monstres.php?vo=annis-hag,6.0,fey,Large,17,75,chaotic evil,0,Volo's Guide to Monsters,15/11/2016,21.0,12.0,14.0,13.0,14.0,15.0,0,0,fey,Evil,Volo's Guide to Monsters
ape,https://www.aidedd.org/dnd/monstres.php?vo=ape,0.5,beast,Medium,12,19,unaligned,0,Monster Manual (SRD),12/01/2016,16.0,14.0,14.0,6.0,12.0,7.0,0,0,beast,Unaligned,Monster Manual (SRD)
apprentice-wizard,,0.25,humanoid (any race),Medium,10,9,any alignment,0,Volo's Guide to Monsters,15/11/2016,10.0,10.0,10.0,14.0,10.0,11.0,0,0,humanoid,Neutral,Volo's Guide to Monsters
arcanaloth,,12.0,fiend (yugoloth),Medium,17,104,neutral evil,0,Monster Manual,30/09/2014,17.0,12.0,14.0,20.0,16.0,17.0,1,0,fiend,Evil,Monster Manual
archdruid,,12.0,humanoid (any race),Medium,16,132,any alignment,0,Volo's Guide to Monsters,15/11/2016,10.0,14.0,12.0,12.0,20.0,11.0,0,0,humanoid,Neutral,Volo's Guide to Monsters
archer,,3.0,humanoid (any race),Medium,16,75,any alignment,0,Volo's Guide to Monsters,15/11/2016,11.0,18.0,16.0,11.0,13.0,10.0,0,0,humanoid,Neutral,Volo's Guide to Monsters
archmage,https://www.aidedd.org/dnd/monstres.php?vo=archmage,12.0,humanoid (any race),Medium,12,99,any alignment,0,Monster Manual (SRD),12/01/2016,10.0,14.0,12.0,20.0,15.0,16.0,0,0,humanoid,Neutral,Monster Manual (SRD)
armanite,,7.0,fiend (demon),Large,16,84,chaotic evil,0,Mordenkainen's Tome of Foes,29/05/2018,21.0,18.0,21.0,8.0,12.0,13.0,0,0,fiend,Evil,Mordenkainen's Tome of Foes
assassin,https://www.aidedd.org/dnd/monstres.php?vo=assassin,8.0,humanoid (any race),Medium,15,78,any non-good alignment,0,Monster Manual (SRD),12/01/2016,11.0,16.0,14.0,13.0,11.0,10.0,0,0,humanoid,Good,Monster Manual (SRD)
assassin-vine,,3.0,plant,Large,13,85,unaligned,0,Adventures (Tomb of Annihilation),19/09/2017,18.0,10.0,16.0,1.0,10.0,1.0,0,0,plant,Unaligned,Adventures
astral-dreadnought,https://www.aidedd.org/dnd/monstres.php?vo=astral-dreadnought,21.0,monstrosity (titan),Gargantuan,20,297,unaligned,1,Mordenkainen's Tome of Foes,29/05/2018,28.0,7.0,25.0,5.0,14.0,18.0,1,0,monstrosity,Unaligned,Mordenkainen's Tome of Foes
atropal,,13.0,undead (titan),Huge,7,225,neutral evil,0,Adventures (Tomb of Annihilation),19/09/2017,19.0,5.0,22.0,25.0,19.0,24.0,1,0,undead,Evil,Adventures
aurochs,https://www.aidedd.org/dnd/monstres.php?vo=aurochs,2.0,beast,Large,11,38,unaligned,0,Volo's Guide to Monsters,15/11/2016,20.0,10.0,19.0,2.0,12.0,5.0,0,0,beast,Unaligned,Volo's Guide to Monsters
autumn-eladrin,,10.0,fey (elf),Medium,19,127,chaotic neutral,0,Mordenkainen's Tome of Foes,29/05/2018,12.0,16.0,16.0,14.0,17.0,18.0,0,0,fey,Neutral,Mordenkainen's Tome of Foes
awakened-shrub,https://www.aidedd.org/dnd/monstres.php?vo=awakened-shrub,0.0,plant,Small,9,10,unaligned,0,Monster Manual (SRD),12/01/2016,3.0,8.0,11.0,10.0,10.0,6.0,0,0,plant,Unaligned,Monster Manual (SRD)
awakened-tree,https://www.aidedd.org/dnd/monstres.php?vo=awakened-tree,2.0,plant,Huge,13,59,unaligned,0,Monster Manual (SRD),12/01/2016,19.0,6.0,15.0,10.0,10.0,7.0,0,0,plant,Unaligned,Monster Manual (SRD)
axe-beak,https://www.aidedd.org/dnd/monstres.php?vo=axe-beak,0.25,beast,Large,11,19,unaligned,0,Monster Manual (SRD),12/01/2016,14.0,12.0,12.0,2.0,10.0,5.0,0,0,beast,Unaligned,Monster Manual (SRD)
azer,https://www.aidedd.org/dnd/monstres.php?vo=azer,2.0,elemental,Medium,17,39,lawful neutral,0,Monster Manual (SRD),12/01/2016,17.0,12.0,15.0,12.0,13.0,10.0,0,0,elemental,Neutral,Monster Manual (SRD)
babau,,4.0,fiend (demon),Medium,16,82,chaotic evil,0,Volo's Guide to Monsters,15/11/2016,19.0,16.0,16.0,11.0,12.0,13.0,0,0,fiend,Evil,Volo's Guide to Monsters
baboon,https://www.aidedd.org/dnd/monstres.php?vo=baboon,0.0,beast,Small,12,3,unaligned,0,Monster Manual (SRD),12/01/2016,8.0,14.0,11.0,4.0,12.0,6.0,0,0,beast,Unaligned,Monster Manual (SRD)
badger,https://www.aidedd.org/dnd/monstres.php?vo=badger,0.0,beast,Tiny,10,3,unaligned,0,Monster Manual (SRD),12/01/2016,4.0,11.0,12.0,2.0,12.0,5.0,0,0,beast,Unaligned,Monster Manual (SRD)
bael,,19.0,fiend (devil),Large,18,189,lawful evil,0,Mordenkainen's Tome of Foes,29/05/2018,24.0,17.0,20.0,21.0,24.0,24.0,0,0,fiend,Evil,Mordenkainen's Tome of Foes
balhannoth,,11.0,aberration,Large,17,114,chaotic evil,0,Mordenkainen's Tome of Foes,29/05/2018,17.0,8.0,18.0,6.0,15.0,8.0,0,0,aberration,Evil,Mordenkainen's Tome of Foes
balor,https://www.aidedd.org/dnd/monstres.php?vo=balor,19.0,fiend (demon),Huge,19,262,chaotic evil,0,Monster Manual (SRD),12/01/2016,26.0,15.0,22.0,20.0,16.0,22.0,1,0,fiend,Evil,Monster Manual (SRD)
banderhobb,,5.0,monstrosity,Large,15,84,neutral evil,0,Volo's Guide to Monsters,15/11/2016,20.0,12.0,20.0,11.0,14.0,8.0,0,0,monstrosity,Evil,Volo's Guide to Monsters
bandit,https://www.aidedd.org/dnd/monstres.php?vo=bandit,0.125,humanoid (any race),Medium,12,11,any non-lawful alignment,0,Monster Manual (SRD),12/01/2016,11.0,12.0,12.0,10.0,10.0,10.0,0,0,humanoid,Neutral,Monster Manual (SRD)
bandit-captain,https://www.aidedd.org/dnd/monstres.php?vo=bandit-captain,2.0,humanoid (any race),Medium,15,65,any non-lawful alignment,0,Monster Manual (SRD),12/01/2016,15.0,16.0,14.0,14.0,11.0,14.0,0,0,humanoid,Neutral,Monster Manual (SRD)
banshee,https://www.aidedd.org/dnd/monstres.php?vo=banshee,4.0,undead,Medium,12,58,chaotic evil,0,Monster Manual (SRD),12/01/2016,1.0,14.0,10.0,12.0,11.0,17.0,1,0,undead,Evil,Monster Manual (SRD)
baphomet,,23.0,fiend (demon),Huge,22,275,chaotic evil,0,Mordenkainen's Tome of Foes,29/05/2018,30.0,14.0,26.0,18.0,24.0,16.0,0,0,fiend,Evil,Mordenkainen's Tome of Foes
barbed-devil,https://www.aidedd.org/dnd/monstres.php?vo=barbed-devil,5.0,fiend (devil),Medium,15,110,lawful evil,0,Monster Manual (SRD),12/01/2016,16.0,17.0,18.0,12.0,14.0,14.0,0,0,fiend,Evil,Monster Manual (SRD)
bard,,2.0,humanoid (any race),Medium,15,44,any alignment,0,Volo's Guide to Monsters,15/11/2016,11.0,14.0,12.0,10.0,13.0,14.0,0,0,humanoid,Neutral,Volo's Guide to Monsters
barghest,https://www.aidedd.org/dnd/monstres.php?vo=barghest,4.0,fiend (shapechanger),Large,17,90,neutral evil,0,Volo's Guide to Monsters,15/11/2016,19.0,15.0,14.0,13.0,12.0,14.0,0,0,fiend,Evil,Volo's Guide to Monsters
barlgura,https://www.aidedd.org/dnd/monstres.php?vo=barlgura,5.0,fiend (demon),Large,15,68,chaotic evil,0,Monster Manual (BR),03/07/2014,18.0,15.0,16.0,7.0,14.0,9.0,0,0,fiend,Evil,Monster Manual (BR)
basilisk,https://www.aidedd.org/dnd/monstres.php?vo=basilisk,3.0,monstrosity,Medium,15,52,unaligned,0,Monster Manual (SRD),12/01/2016,16.0,8.0,15.0,2.0,8.0,7.0,0,0,monstrosity,Unaligned,Monster Manual (SRD)
bat,https://www.aidedd.org/dnd/monstres.php?vo=bat,0.0,beast,Tiny,12,1,unaligned,0,Monster Manual (SRD),12/01/2016,2.0,15.0,8.0,2.0,12.0,4.0,1,0,beast,Unaligned,Monster Manual (SRD)
bearded-devil,https://www.aidedd.org/dnd/monstres.php?vo=bearded-devil,3.0,fiend (devil),Medium,13,52,lawful evil,0,Monster Manual (SRD),12/01/2016,16.0,15.0,15.0,9.0,11.0,11.0,0,0,fiend,Evil,Monster Manual (SRD)
behir,https://www.aidedd.org/dnd/monstres.php?vo=behir,11.0,monstrosity,Huge,17,168,neutral evil,0,Monster Manual (SRD),12/01/2016,23.0,16.0,18.0,7.0,14.0,12.0,0,0,monstrosity,Evil,Monster Manual (SRD)
beholder,,13.0,aberration,Large,18,180,lawful evil,1,Monster Manual,30/09/2014,10.0,14.0,18.0,17.0,15.0,17.0,1,0,aberration,Evil,Monster Manual
beholder-zombie,,5.0,undead,Large,15,93,neutral evil,0,Monster Manual,30/09/2014,10.0,8.0,16.0,3.0,8.0,5.0,1,0,undead,Evil,Monster Manual
belaphoss,https://www.aidedd.org/dnd/monstres.php?vo=belaphoss,20.0,fiend (demon),Huge,19,262,chaotic evil,0,Extra (Dragon Mag),,26.0,15.0,22.0,20.0,16.0,22.0,1,0,fiend,Evil,Extra
berbalang,,2.0,aberration,Medium,14,38,neutral evil,0,Mordenkainen's Tome of Foes,29/05/2018,9.0,16.0,9.0,17.0,11.0,10.0,1,0,aberration,Evil,Mordenkainen's Tome of Foes
berserker,https://www.aidedd.org/dnd/monstres.php?vo=berserker,2.0,humanoid (any race),Medium,13,67,any chaotic alignment,0,Monster Manual (SRD),12/01/2016,16.0,12.0,17.0,9.0,11.0,9.0,0,0,humanoid,Neutral,Monster Manual (SRD)
bheur-hag,,7.0,fey,Medium,17,91,chaotic evil,0,Volo's Guide to Monsters,15/11/2016,13.0,16.0,14.0,12.0,13.0,16.0,0,0,fey,Evil,Volo's Guide to Monsters
black-abishai,,7.0,fiend (devil),Medium,15,58,lawful evil,0,Mordenkainen's Tome of Foes,29/05/2018,14.0,17.0,14.0,13.0,16.0,11.0,1,0,fiend,Evil,Mordenkainen's Tome of Foes
black-bear,https://www.aidedd.org/dnd/monstres.php?vo=black-bear,0.5,beast,Medium,11,19,unaligned,0,Monster Manual (SRD),12/01/2016,15.0,10.0,14.0,2.0,12.0,7.0,0,0,beast,Unaligned,Monster Manual (SRD)
black-dragon-wyrmling,https://www.aidedd.org/dnd/monstres.php?vo=black-dragon-wyrmling,2.0,dragon,Medium,17,33,chaotic evil,0,Monster Manual (SRD),12/01/2016,15.0,14.0,13.0,10.0,11.0,13.0,1,1,dragon,Evil,Monster Manual (SRD)
black-gauntlet-of-bane,,6.0,humanoid (human),Medium,16,51,lawful evil,0,Adventures (Descent into Avernus),17/09/2019,18.0,11.0,18.0,12.0,15.0,18.0,0,0,humanoid,Evil,Adventures
black-pudding,https://www.aidedd.org/dnd/monstres.php?vo=black-pudding,4.0,ooze,Large,7,85,unaligned,0,Monster Manual (SRD),12/01/2016,16.0,5.0,16.0,1.0,6.0,1.0,0,0,ooze,Unaligned,Monster Manual (SRD)
blackguard,,8.0,humanoid (any race),Medium,18,153,any non-good alignment,0,Volo's Guide to Monsters,15/11/2016,18.0,11.0,18.0,11.0,14.0,15.0,0,0,humanoid,Good,Volo's Guide to Monsters
blink-dog,https://www.aidedd.org/dnd/monstres.php?vo=blink-dog,0.25,fey,Medium,13,22,lawful good,0,Monster Manual (SRD),12/01/2016,12.0,17.0,12.0,10.0,13.0,11.0,0,0,fey,Good,Monster Manual (SRD)
blood-hawk,https://www.aidedd.org/dnd/monstres.php?vo=blood-hawk,0.125,beast,Small,12,7,unaligned,0,Monster Manual (SRD),12/01/2016,6.0,14.0,10.0,3.0,14.0,5.0,1,0,beast,Unaligned,Monster Manual (SRD)
blue-abishai,,17.0,fiend (devil),Medium,19,195,lawful evil,0,Mordenkainen's Tome of Foes,29/05/2018,15.0,14.0,17.0,22.0,23.0,18.0,1,0,fiend,Evil,Mordenkainen's Tome of Foes
blue-dragon-wyrmling,https://www.aidedd.org/dnd/monstres.php?vo=blue-dragon-wyrmling,3.0,dragon,Medium,17,52,lawful evil,0,Monster Manual (SRD),12/01/2016,17.0,10.0,15.0,12.0,11.0,15.0,1,0,dragon,Evil,Monster Manual (SRD)
blue-slaad,,7.0,aberration,Large,15,123,chaotic neutral,0,Monster Manual,30/09/2014,20.0,15.0,18.0,7.0,7.0,9.0,0,0,aberration,Neutral,Monster Manual
boar,https://www.aidedd.org/dnd/monstres.php?vo=boar,0.25,beast,Medium,11,11,unaligned,0,Monster Manual (SRD),12/01/2016,13.0,11.0,12.0,2.0,9.0,5.0,0,0,beast,Unaligned,Monster Manual (SRD)
bodak,,6.0,undead,Medium,15,58,chaotic evil,0,Volo's Guide to Monsters,15/11/2016,15.0,16.0,15.0,7.0,12.0,12.0,0,0,undead,Evil,Volo's Guide to Monsters
boggle,,0.125,fey,Small,14,18,chaotic neutral,0,Volo's Guide to Monsters,15/11/2016,8.0,18.0,13.0,6.0,12.0,7.0,0,0,fey,Neutral,Volo's Guide to Monsters
bone-devil,https://www.aidedd.org/dnd/monstres.php?vo=bone-devil,9.0,fiend (devil),Large,19,142,lawful evil,0,Monster Manual (SRD),12/01/2016,18.0,16.0,18.0,13.0,14.0,16.0,1,0,fiend,Evil,Monster Manual (SRD)
bone-naga,,4.0,undead,Large,15,58,lawful evil,0,Monster Manual,30/09/2014,15.0,16.0,12.0,15.0,15.0,16.0,0,0,undead,Evil,Monster Manual
boneclaw,,12.0,undead,Large,16,127,chaotic evil,0,Mordenkainen's Tome of Foes,29/05/2018,19.0,16.0,15.0,13.0,15.0,9.0,0,0,undead,Evil,Mordenkainen's Tome of Foes
brass-dragon-wyrmling,https://www.aidedd.org/dnd/monstres.php?vo=brass-dragon-wyrmling,1.0,dragon,Medium,16,16,chaotic good,0,Monster Manual (SRD),12/01/2016,15.0,10.0,13.0,10.0,11.0,13.0,1,0,dragon,Good,Monster Manual (SRD)
brontosaurus,,5.0,beast,Gargantuan,15,121,unaligned,0,Adventures (Tomb of Annihilation),19/09/2017,21.0,9.0,17.0,2.0,10.0,7.0,0,0,beast,Unaligned,Adventures
bronze-dragon-wyrmling,https://www.aidedd.org/dnd/monstres.php?vo=bronze-dragon-wyrmling,2.0,dragon,Medium,17,32,lawful good,0,Monster Manual (SRD),12/01/2016,17.0,10.0,15.0,12.0,11.0,15.0,1,1,dragon,Good,Monster Manual (SRD)
brown-bear,https://www.aidedd.org/dnd/monstres.php?vo=brown-bear,1.0,beast,Large,11,34,unaligned,0,Monster Manual (SRD),12/01/2016,19.0,10.0,16.0,2.0,13.0,7.0,0,0,beast,Unaligned,Monster Manual (SRD)
bugbear,https://www.aidedd.org/dnd/monstres.php?vo=bugbear,1.0,humanoid (goblinoid),Medium,16,27,chaotic evil,0,Monster Manual (SRD),12/01/2016,15.0,14.0,13.0,8.0,11.0,9.0,0,0,humanoid,Evil,Monster Manual (SRD)
bugbear-chief,,3.0,humanoid (goblinoid),Medium,17,65,chaotic evil,0,Monster Manual,30/09/2014,17.0,14.0,14.0,11.0,12.0,11.0,0,0,humanoid,Evil,Monster Manual
bulette,https://www.aidedd.org/dnd/monstres.php?vo=bulette,5.0,monstrosity,Large,17,94,unaligned,0,Monster Manual (SRD),12/01/2016,19.0,11.0,21.0,2.0,10.0,5.0,0,0,monstrosity,Unaligned,Monster Manual (SRD)
bulezau,,3.0,fiend (demon),Medium,14,52,chaotic evil,0,Mordenkainen's Tome of Foes,29/05/2018,15.0,14.0,17.0,8.0,9.0,6.0,0,0,fiend,Evil,Mordenkainen's Tome of Foes
bullywug,https://www.aidedd.org/dnd/monstres.php?vo=bullywug,0.25,humanoid (bullywug),Medium,15,11,neutral evil,0,Monster Manual (BR),03/07/2014,12.0,12.0,13.0,7.0,10.0,7.0,0,1,humanoid,Evil,Monster Manual (BR)
cadaver-collector,,14.0,construct,Large,17,189,lawful evil,0,Mordenkainen's Tome of Foes,29/05/2018,21.0,14.0,20.0,5.0,11.0,8.0,0,0,construct,Evil,Mordenkainen's Tome of Foes
cambion,,5.0,fiend,Medium,19,82,any evil alignment,0,Monster Manual,30/09/2014,18.0,18.0,16.0,14.0,12.0,16.0,1,0,fiend,Evil,Monster Manual
camel,https://www.aidedd.org/dnd/monstres.php?vo=camel,0.125,beast,Large,9,15,unaligned,0,Monster Manual (SRD),12/01/2016,16.0,8.0,14.0,2.0,8.0,5.0,0,0,beast,Unaligned,Monster Manual (SRD)
canoloth,,8.0,fiend (yugoloth),Medium,16,120,neutral evil,0,Mordenkainen's Tome of Foes,29/05/2018,18.0,10.0,17.0,5.0,17.0,12.0,0,0,fiend,Evil,Mordenkainen's Tome of Foes
carrion-crawler,,2.0,monstrosity,Large,13,51,unaligned,0,Monster Manual,30/09/2014,14.0,13.0,16.0,1.0,12.0,5.0,0,0,monstrosity,Unaligned,Monster Manual
cat,https://www.aidedd.org/dnd/monstres.php?vo=cat,0.0,beast,Tiny,12,2,unaligned,0,Monster Manual (SRD),12/01/2016,3.0,15.0,10.0,3.0,12.0,7.0,0,0,beast,Unaligned,Monster Manual (SRD)
catoblepas,,5.0,monstrosity,Large,14,84,unaligned,0,Volo's Guide to Monsters,15/11/2016,19.0,12.0,21.0,3.0,14.0,8.0,0,0,monstrosity,Unaligned,Volo's Guide to Monsters
cave-fisher,,3.0,monstrosity,Medium,16,58,unaligned,0,Volo's Guide to Monsters,15/11/2016,16.0,13.0,14.0,3.0,10.0,3.0,0,0,monstrosity,Unaligned,Volo's Guide to Monsters
centaur,https://www.aidedd.org/dnd/monstres.php?vo=centaur,2.0,monstrosity,Large,12,45,neutral good,0,Monster Manual (SRD),12/01/2016,18.0,14.0,14.0,9.0,13.0,11.0,0,0,monstrosity,Good,Monster Manual (SRD)
chain-devil,https://www.aidedd.org/dnd/monstres.php?vo=chain-devil,8.0,fiend (devil),Medium,16,85,lawful evil,0,Monster Manual (SRD),12/01/2016,18.0,15.0,18.0,11.0,12.0,14.0,0,0,fiend,Evil,Monster Manual (SRD)
champion,,9.0,humanoid (any race),Medium,18,143,any alignment,0,Volo's Guide to Monsters,15/11/2016,20.0,15.0,14.0,10.0,14.0,12.0,0,0,humanoid,Neutral,Volo's Guide to Monsters
chasme,,6.0,fiend (demon),Large,15,84,chaotic evil,0,Monster Manual,30/09/2014,15.0,15.0,12.0,11.0,14.0,10.0,1,0,fiend,Evil,Monster Manual
chimera,https://www.aidedd.org/dnd/monstres.php?vo=chimera,6.0,monstrosity,Large,14,114,chaotic evil,0,Monster Manual (SRD),12/01/2016,19.0,11.0,19.0,3.0,14.0,10.0,1,0,monstrosity,Evil,Monster Manual (SRD)
chitine,,0.5,monstrosity,Small,14,18,chaotic evil,0,Volo's Guide to Monsters,15/11/2016,10.0,14.0,12.0,10.0,10.0,7.0,0,0,monstrosity,Evil,Volo's Guide to Monsters
choker,,1.0,aberration,Small,16,13,chaotic evil,0,Mordenkainen's Tome of Foes,29/05/2018,16.0,14.0,13.0,4.0,12.0,7.0,0,0,aberration,Evil,Mordenkainen's Tome of Foes
choldrith,,3.0,monstrosity,Medium,15,66,chaotic evil,0,Volo's Guide to Monsters,15/11/2016,12.0,16.0,12.0,11.0,14.0,10.0,0,0,monstrosity,Evil,Volo's Guide to Monsters
chuul,https://www.aidedd.org/dnd/monstres.php?vo=chuul,4.0,aberration,Large,16,93,chaotic evil,0,Monster Manual (SRD),12/01/2016,19.0,10.0,16.0,5.0,11.0,5.0,0,1,aberration,Evil,Monster Manual (SRD)
clay-golem,https://www.aidedd.org/dnd/monstres.php?vo=clay-golem,9.0,construct,Large,14,133,unaligned,0,Monster Manual (SRD),12/01/2016,20.0,9.0,18.0,3.0,8.0,1.0,0,0,construct,Unaligned,Monster Manual (SRD)
cloaker,https://www.aidedd.org/dnd/monstres.php?vo=cloaker,8.0,aberration,Large,14,78,chaotic neutral,0,Monster Manual (SRD),12/01/2016,17.0,15.0,12.0,13.0,12.0,14.0,1,0,aberration,Neutral,Monster Manual (SRD)
cloud-giant,https://www.aidedd.org/dnd/monstres.php?vo=cloud-giant,9.0,giant,Huge,14,200,neutral good,0,Monster Manual (SRD),12/01/2016,27.0,10.0,22.0,12.0,16.0,16.0,0,0,giant,Good,Monster Manual (SRD)
cloud-giant-smiling-one,,11.0,giant (cloud giant),Huge,15,262,chaotic neutral,0,Volo's Guide to Monsters,15/11/2016,26.0,12.0,22.0,15.0,16.0,17.0,0,0,giant,Neutral,Volo's Guide to Monsters
cockatrice,https://www.aidedd.org/dnd/monstres.php?vo=cockatrice,0.5,monstrosity,Small,11,27,unaligned,0,Monster Manual (SRD),12/01/2016,6.0,12.0,12.0,2.0,13.0,5.0,1,0,monstrosity,Unaligned,Monster Manual (SRD)
commoner,https://www.aidedd.org/dnd/monstres.php?vo=commoner,0.0,humanoid (any race),Medium,10,4,any alignment,0,Monster Manual (SRD),12/01/2016,10.0,10.0,10.0,10.0,10.0,10.0,0,0,humanoid,Neutral,Monster Manual (SRD)
conjurer,,6.0,humanoid (any race),Medium,12,40,any alignment,0,Volo's Guide to Monsters,15/11/2016,9.0,14.0,11.0,17.0,12.0,11.0,0,0,humanoid,Neutral,Volo's Guide to Monsters
constrictor-snake,https://www.aidedd.org/dnd/monstres.php?vo=constrictor-snake,0.25,beast,Large,12,13,unaligned,0,Monster Manual (SRD),12/01/2016,15.0,14.0,12.0,1.0,10.0,3.0,0,1,beast,Unaligned,Monster Manual (SRD)
copper-dragon-wyrmling,https://www.aidedd.org/dnd/monstres.php?vo=copper-dragon-wyrmling,1.0,dragon,Medium,16,22,chaotic good,0,Monster Manual (SRD),12/01/2016,15.0,12.0,13.0,14.0,11.0,13.0,1,0,dragon,Good,Monster Manual (SRD)
corpse-flower,,8.0,plant,Large,12,127,chaotic evil,0,Mordenkainen's Tome of Foes,29/05/2018,14.0,14.0,16.0,7.0,15.0,3.0,0,0,plant,Evil,Mordenkainen's Tome of Foes
couatl,https://www.aidedd.org/dnd/monstres.php?vo=couatl,4.0,celestial,Medium,19,97,lawful good,0,Monster Manual (SRD),12/01/2016,16.0,20.0,17.0,18.0,20.0,18.0,1,0,celestial,Good,Monster Manual (SRD)
cow,https://www.aidedd.org/dnd/monstres.php?vo=cow,0.25,beast,Large,10,15,unaligned,0,Volo's Guide to Monsters,15/11/2016,18.0,10.0,14.0,2.0,10.0,4.0,0,0,beast,Unaligned,Volo's Guide to Monsters
crab,https://www.aidedd.org/dnd/monstres.php?vo=crab,0.0,beast,Tiny,11,2,unaligned,0,Monster Manual (SRD),12/01/2016,2.0,11.0,10.0,1.0,8.0,2.0,0,1,beast,Unaligned,Monster Manual (SRD)
crag-cat,,1.0,beast,Large,13,34,unaligned,0,Adventures (Storm King's Thunder),06/09/2016,16.0,17.0,16.0,4.0,14.0,8.0,0,0,beast,Unaligned,Adventures
cranium-rat,,0.0,beast,Tiny,12,2,lawful evil,0,Volo's Guide to Monsters,15/11/2016,2.0,14.0,10.0,4.0,11.0,8.0,0,0,beast,Evil,Volo's Guide to Monsters
crawling-claw,https://www.aidedd.org/dnd/monstres.php?vo=crawling-claw,0.0,undead,Tiny,12,2,neutral evil,0,Monster Manual (BR),03/07/2014,13.0,14.0,11.0,5.0,10.0,4.0,0,0,undead,Evil,Monster Manual (BR)
crocodile,https://www.aidedd.org/dnd/monstres.php?vo=crocodile,0.5,beast,Large,12,19,unaligned,0,Monster Manual (SRD),12/01/2016,15.0,10.0,13.0,2.0,10.0,5.0,0,1,beast,Unaligned,Monster Manual (SRD)
crokek-toeck,,14.0,fiend (demon),Gargantuan,15,297,chaotic evil,0,Adventures (Descent into Avernus),17/09/2019,28.0,10.0,24.0,6.0,10.0,13.0,0,1,fiend,Evil,Adventures
cult-fanatic,https://www.aidedd.org/dnd/monstres.php?vo=cult-fanatic,2.0,humanoid (any race),Medium,13,33,any non-good alignment,0,Monster Manual (SRD),12/01/2016,11.0,14.0,12.0,10.0,13.0,14.0,0,0,humanoid,Good,Monster Manual (SRD)
cultist,https://www.aidedd.org/dnd/monstres.php?vo=cultist,0.125,humanoid (any race),Medium,12,9,any non-good alignment,0,Monster Manual (SRD),12/01/2016,11.0,12.0,10.0,10.0,11.0,10.0,0,0,humanoid,Good,Monster Manual (SRD)
cyclops,https://www.aidedd.org/dnd/monstres.php?vo=cyclops,6.0,giant,Huge,14,138,chaotic neutral,0,Monster Manual (SRD),12/01/2016,22.0,11.0,20.0,8.0,6.0,10.0,0,0,giant,Neutral,Monster Manual (SRD)
dao,https://www.aidedd.org/dnd/monstres.php?vo=dao,11.0,elemental,Large,18,187,neutral evil,0,Monster Manual (BR),03/07/2014,23.0,12.0,24.0,12.0,13.0,14.0,1,0,elemental,Evil,Monster Manual (BR)
darkling,,0.5,fey,Small,14,13,chaotic neutral,0,Volo's Guide to Monsters,15/11/2016,9.0,16.0,12.0,10.0,12.0,10.0,0,0,fey,Neutral,Volo's Guide to Monsters
darkling-elder,,2.0,fey,Medium,15,27,chaotic neutral,0,Volo's Guide to Monsters,15/11/2016,13.0,17.0,12.0,10.0,14.0,13.0,0,0,fey,Neutral,Volo's Guide to Monsters
darkmantle,https://www.aidedd.org/dnd/monstres.php?vo=darkmantle,0.5,monstrosity,Small,11,22,unaligned,0,Monster Manual (SRD),12/01/2016,16.0,12.0,13.0,2.0,10.0,5.0,1,0,monstrosity,Unaligned,Monster Manual (SRD)
death-dog,https://www.aidedd.org/dnd/monstres.php?vo=death-dog,1.0,monstrosity,Medium,12,39,neutral evil,0,Monster Manual (SRD),12/01/2016,15.0,14.0,14.0,3.0,13.0,6.0,0,0,monstrosity,Evil,Monster Manual (SRD)
death-kiss,,10.0,aberration,Large,16,161,neutral evil,0,Volo's Guide to Monsters,15/11/2016,18.0,14.0,18.0,10.0,12.0,10.0,1,0,aberration,Evil,Volo's Guide to Monsters
death-knight,,17.0,undead,Medium,20,180,chaotic evil,0,Monster Manual,30/09/2014,20.0,11.0,20.0,12.0,16.0,18.0,0,0,undead,Evil,Monster Manual
death-slaad,,10.0,aberration (shapechanger),Medium,18,170,chaotic evil,0,Monster Manual,30/09/2014,20.0,15.0,19.0,15.0,10.0,16.0,0,0,aberration,Evil,Monster Manual
death-tyrant,,14.0,undead,Large,19,187,lawful evil,1,Monster Manual,30/09/2014,10.0,14.0,14.0,19.0,15.0,19.0,1,0,undead,Evil,Monster Manual
death-s-head-of-bhaal,,5.0,humanoid (human),Medium,15,76,chaotic evil,0,Adventures (Descent into Avernus),17/09/2019,20.0,20.0,20.0,14.0,13.0,16.0,0,0,humanoid,Evil,Adventures
deathlock,,4.0,undead,Medium,12,36,neutral evil,0,Mordenkainen's Tome of Foes,29/05/2018,11.0,15.0,10.0,14.0,12.0,16.0,0,0,undead,Evil,Mordenkainen's Tome of Foes
deathlock-mastermind,,8.0,undead,Medium,13,110,neutral evil,0,Mordenkainen's Tome of Foes,29/05/2018,11.0,16.0,12.0,15.0,12.0,17.0,0,0,undead,Evil,Mordenkainen's Tome of Foes
deathlock-wight,,3.0,undead,Medium,12,37,neutral evil,0,Mordenkainen's Tome of Foes,29/05/2018,11.0,14.0,16.0,12.0,14.0,16.0,0,0,undead,Evil,Mordenkainen's Tome of Foes
deep-gnome-svirfneblin,https://www.aidedd.org/dnd/monstres.php?vo=deep-gnome-svirfneblin,0.5,humanoid (gnome),Small,15,16,neutral good,0,Monster Manual (SRD),12/01/2016,15.0,14.0,14.0,12.0,10.0,9.0,0,0,humanoid,Good,Monster Manual (SRD)
deep-scion,,3.0,humanoid (shapechanger),Medium,11,67,neutral evil,0,Volo's Guide to Monsters,15/11/2016,18.0,13.0,16.0,10.0,12.0,14.0,0,1,humanoid,Evil,Volo's Guide to Monsters
deer,https://www.aidedd.org/dnd/monstres.php?vo=deer,0.0,beast,Medium,13,4,unaligned,0,Monster Manual (SRD),12/01/2016,11.0,16.0,11.0,2.0,14.0,5.0,0,0,beast,Unaligned,Monster Manual (SRD)
deinonychus,,1.0,beast,Medium,13,26,unaligned,0,Adventures (Tomb of Annihilation),19/09/2017,15.0,15.0,14.0,4.0,12.0,6.0,0,0,beast,Unaligned,Adventures
demilich,,18.0,undead,Tiny,20,80,neutral evil,1,Monster Manual,30/09/2014,1.0,20.0,10.0,20.0,17.0,20.0,1,0,undead,Evil,Monster Manual
demogorgon,,26.0,fiend (demon),Huge,22,406,chaotic evil,0,Mordenkainen's Tome of Foes,29/05/2018,29.0,14.0,26.0,20.0,17.0,25.0,0,1,fiend,Evil,Mordenkainen's Tome of Foes
derro,,0.25,humanoid (derro),Small,13,13,chaotic evil,0,Mordenkainen's Tome of Foes,29/05/2018,10.0,14.0,12.0,11.0,5.0,9.0,0,0,humanoid,Evil,Mordenkainen's Tome of Foes
derro-savant,,3.0,humanoid (derro),Small,13,36,chaotic evil,0,Mordenkainen's Tome of Foes,29/05/2018,9.0,14.0,12.0,11.0,5.0,14.0,0,0,humanoid,Evil,Mordenkainen's Tome of Foes
deva,https://www.aidedd.org/dnd/monstres.php?vo=deva,10.0,celestial,Medium,17,136,lawful good,0,Monster Manual (SRD),12/01/2016,18.0,18.0,18.0,17.0,20.0,20.0,1,0,celestial,Good,Monster Manual (SRD)
devilroot,https://www.aidedd.org/dnd/monstres.php?vo=devilroot,7.0,plant,Medium,15,105,neutral evil,0,Extra (AideDD),,17.0,11.0,17.0,12.0,14.0,14.0,0,0,plant,Evil,Extra
devourer,,13.0,fiend,Large,16,178,chaotic evil,0,Volo's Guide to Monsters,15/11/2016,20.0,12.0,20.0,13.0,10.0,16.0,0,0,fiend,Evil,Volo's Guide to Monsters
dhergoloth,,7.0,fiend (yugoloth),Medium,15,119,neutral evil,0,Mordenkainen's Tome of Foes,29/05/2018,17.0,10.0,19.0,7.0,10.0,9.0,0,0,fiend,Evil,Mordenkainen's Tome of Foes
dimetrodon,,0.25,beast,Medium,12,19,unaligned,0,Adventures (Tomb of Annihilation),19/09/2017,14.0,10.0,15.0,2.0,10.0,5.0,0,1,beast,Unaligned,Adventures
dire-troll,,13.0,giant,Huge,15,172,chaotic evil,0,Mordenkainen's Tome of Foes,29/05/2018,22.0,15.0,21.0,9.0,11.0,5.0,0,0,giant,Evil,Mordenkainen's Tome of Foes
dire-wolf,https://www.aidedd.org/dnd/monstres.php?vo=dire-wolf,1.0,beast,Large,14,37,unaligned,0,Monster Manual (SRD),12/01/2016,17.0,15.0,15.0,3.0,12.0,7.0,0,0,beast,Unaligned,Monster Manual (SRD)
displacer-beast,,3.0,monstrosity,Large,13,85,lawful evil,0,Monster Manual,30/09/2014,18.0,15.0,16.0,6.0,12.0,8.0,0,0,monstrosity,Evil,Monster Manual
diviner,,8.0,humanoid (any race),Medium,12,67,any alignment,0,Volo's Guide to Monsters,15/11/2016,9.0,14.0,11.0,18.0,12.0,11.0,0,0,humanoid,Neutral,Volo's Guide to Monsters
djinni,https://www.aidedd.org/dnd/monstres.php?vo=djinni,11.0,elemental,Large,17,161,chaotic good,0,Monster Manual (SRD),12/01/2016,21.0,15.0,22.0,15.0,16.0,20.0,1,0,elemental,Good,Monster Manual (SRD)
dolphin,https://www.aidedd.org/dnd/monstres.php?vo=dolphin,0.125,beast,Medium,12,11,unaligned,0,Volo's Guide to Monsters,15/11/2016,14.0,13.0,13.0,6.0,12.0,7.0,0,1,beast,Unaligned,Volo's Guide to Monsters
doppelganger,https://www.aidedd.org/dnd/monstres.php?vo=doppelganger,3.0,monstrosity (shapechanger),Medium,14,52,neutral,0,Monster Manual (SRD),12/01/2016,11.0,18.0,14.0,11.0,12.0,14.0,0,0,monstrosity,Neutral,Monster Manual (SRD)
draegloth,,7.0,fiend (demon),Large,15,123,chaotic evil,0,Volo's Guide to Monsters,15/11/2016,20.0,15.0,18.0,13.0,11.0,11.0,0,0,fiend,Evil,Volo's Guide to Monsters
draft-horse,https://www.aidedd.org/dnd/monstres.php?vo=draft-horse,0.25,beast,Large,10,19,unaligned,0,Monster Manual (SRD),12/01/2016,18.0,10.0,12.0,2.0,11.0,7.0,0,0,beast,Unaligned,Monster Manual (SRD)
dragon-turtle,https://www.aidedd.org/dnd/monstres.php?vo=dragon-turtle,17.0,dragon,Gargantuan,20,341,neutral,0,Monster Manual (SRD),12/01/2016,25.0,10.0,20.0,10.0,12.0,12.0,0,1,dragon,Neutral,Monster Manual (SRD)
dragonbait,,5.0,humanoid (saurial),Medium,17,120,lawful good,0,Adventures (Tomb of Annihilation),19/09/2017,15.0,13.0,17.0,14.0,16.0,18.0,0,0,humanoid,Good,Adventures
dretch,https://www.aidedd.org/dnd/monstres.php?vo=dretch,0.25,fiend (demon),Small,11,18,chaotic evil,0,Monster Manual (SRD),12/01/2016,11.0,11.0,12.0,5.0,8.0,3.0,0,0,fiend,Evil,Monster Manual (SRD)
drider,https://www.aidedd.org/dnd/monstres.php?vo=drider,6.0,monstrosity,Large,19,123,chaotic evil,0,Monster Manual (SRD),12/01/2016,16.0,16.0,18.0,13.0,14.0,12.0,0,0,monstrosity,Evil,Monster Manual (SRD)
drow,https://www.aidedd.org/dnd/monstres.php?vo=drow,0.25,humanoid (elf),Medium,15,13,neutral evil,0,Monster Manual (SRD),12/01/2016,10.0,14.0,10.0,11.0,11.0,12.0,0,0,humanoid,Evil,Monster Manual (SRD)
drow-arachnomancer,,13.0,humanoid (elf),Medium,15,162,chaotic evil,0,Mordenkainen's Tome of Foes,29/05/2018,11.0,17.0,14.0,19.0,14.0,16.0,0,0,humanoid,Evil,Mordenkainen's Tome of Foes
drow-elite-warrior,,5.0,humanoid (elf),Medium,18,71,neutral evil,0,Monster Manual,30/09/2014,13.0,18.0,14.0,11.0,13.0,12.0,0,0,humanoid,Evil,Monster Manual
drow-favored-consort,,18.0,humanoid (elf),Medium,15,225,neutral evil,0,Mordenkainen's Tome of Foes,29/05/2018,15.0,20.0,16.0,18.0,15.0,18.0,0,0,humanoid,Evil,Mordenkainen's Tome of Foes
drow-house-captain,https://www.aidedd.org/dnd/monstres.php?vo=drow-house-captain,9.0,humanoid (elf),Medium,16,162,neutral evil,0,Mordenkainen's Tome of Foes,29/05/2018,14.0,19.0,15.0,12.0,14.0,13.0,0,0,humanoid,Evil,Mordenkainen's Tome of Foes
drow-inquisitor,https://www.aidedd.org/dnd/monstres.php?vo=drow-inquisitor,14.0,humanoid (elf),Medium,16,143,neutral evil,0,Mordenkainen's Tome of Foes,29/05/2018,11.0,15.0,14.0,16.0,21.0,20.0,0,0,humanoid,Evil,Mordenkainen's Tome of Foes
drow-mage,https://www.aidedd.org/dnd/monstres.php?vo=drow-mage,7.0,humanoid (elf),Medium,12,45,neutral evil,0,Monster Manual (BR),03/07/2014,9.0,14.0,10.0,17.0,13.0,12.0,0,0,humanoid,Evil,Monster Manual (BR)
drow-matron-mother,,20.0,humanoid (elf),Medium,17,262,neutral evil,0,Mordenkainen's Tome of Foes,29/05/2018,12.0,18.0,16.0,17.0,21.0,22.0,0,0,humanoid,Evil,Mordenkainen's Tome of Foes
drow-priestress-of-lolth,,8.0,humanoid (elf),Medium,16,71,neutral evil,0,Monster Manual,30/09/2014,10.0,14.0,12.0,13.0,17.0,18.0,0,0,humanoid,Evil,Monster Manual
drow-shadowblade,,11.0,humanoid (elf),Medium,17,150,neutral evil,0,Mordenkainen's Tome of Foes,29/05/2018,14.0,21.0,16.0,12.0,14.0,13.0,0,0,humanoid,Evil,Mordenkainen's Tome of Foes
druid,https://www.aidedd.org/dnd/monstres.php?vo=druid,2.0,humanoid (any race),Medium,11,27,any alignment,0,Monster Manual (SRD),12/01/2016,10.0,12.0,13.0,12.0,15.0,11.0,0,0,humanoid,Neutral,Monster Manual (SRD)
dryad,https://www.aidedd.org/dnd/monstres.php?vo=dryad,1.0,fey,Medium,11,22,neutral,0,Monster Manual (SRD),12/01/2016,10.0,12.0,11.0,14.0,15.0,18.0,0,0,fey,Neutral,Monster Manual (SRD)
duergar,https://www.aidedd.org/dnd/monstres.php?vo=duergar,1.0,humanoid (dwarf),Medium,16,26,lawful evil,0,Monster Manual (SRD),12/01/2016,14.0,11.0,14.0,11.0,10.0,9.0,0,0,humanoid,Evil,Monster Manual (SRD)
duergar-despot,,12.0,humanoid (dwarf),Medium,21,119,lawful evil,0,Mordenkainen's Tome of Foes,29/05/2018,20.0,5.0,19.0,15.0,14.0,13.0,0,0,humanoid,Evil,Mordenkainen's Tome of Foes
duergar-kavalrachni,,2.0,humanoid (dwarf),Medium,16,26,lawful evil,0,Mordenkainen's Tome of Foes,29/05/2018,14.0,11.0,14.0,11.0,10.0,9.0,0,0,humanoid,Evil,Mordenkainen's Tome of Foes
duergar-mind-master,,2.0,humanoid (dwarf),Medium,14,39,lawful evil,0,Mordenkainen's Tome of Foes,29/05/2018,11.0,17.0,14.0,15.0,10.0,12.0,0,0,humanoid,Evil,Mordenkainen's Tome of Foes
duergar-soulblade,,1.0,humanoid (dwarf),Medium,14,18,lawful evil,0,Mordenkainen's Tome of Foes,29/05/2018,11.0,16.0,10.0,11.0,10.0,12.0,0,0,humanoid,Evil,Mordenkainen's Tome of Foes
duergar-stone-guard,,2.0,humanoid (dwarf),Medium,18,39,lawful evil,0,Mordenkainen's Tome of Foes,29/05/2018,18.0,11.0,14.0,11.0,10.0,9.0,0,0,humanoid,Evil,Mordenkainen's Tome of Foes
duergar-warlord,,6.0,humanoid (dwarf),Medium,20,75,lawful evil,0,Mordenkainen's Tome of Foes,29/05/2018,18.0,11.0,17.0,12.0,12.0,14.0,0,0,humanoid,Evil,Mordenkainen's Tome of Foes
duergar-xarrorn,,2.0,humanoid (dwarf),Medium,18,26,lawful evil,0,Mordenkainen's Tome of Foes,29/05/2018,16.0,11.0,14.0,11.0,10.0,9.0,0,0,humanoid,Evil,Mordenkainen's Tome of Foes
duodrone,,0.25,construct,Medium,15,11,lawful neutral,0,Monster Manual,30/09/2014,11.0,13.0,12.0,6.0,10.0,7.0,0,0,construct,Neutral,Monster Manual
dust-mephit,https://www.aidedd.org/dnd/monstres.php?vo=dust-mephit,0.5,elemental,Small,12,17,neutral evil,0,Monster Manual (SRD),12/01/2016,5.0,14.0,10.0,9.0,11.0,10.0,1,0,elemental,Evil,Monster Manual (SRD)
dybbuk,,4.0,fiend (demon),Medium,14,37,chaotic evil,0,Mordenkainen's Tome of Foes,29/05/2018,6.0,19.0,16.0,16.0,15.0,14.0,1,0,fiend,Evil,Mordenkainen's Tome of Foes
eagle,https://www.aidedd.org/dnd/monstres.php?vo=eagle,0.0,beast,Small,12,3,unaligned,0,Monster Manual (SRD),12/01/2016,6.0,15.0,10.0,2.0,14.0,7.0,1,0,beast,Unaligned,Monster Manual (SRD)
earth-elemental,https://www.aidedd.org/dnd/monstres.php?vo=earth-elemental,5.0,elemental,Large,17,126,neutral,0,Monster Manual (SRD),12/01/2016,20.0,8.0,20.0,5.0,10.0,5.0,0,0,elemental,Neutral,Monster Manual (SRD)
earth-elemental-myrmidon,,7.0,elemental,Medium,18,127,neutral,0,Mordenkainen's Tome of Foes,29/05/2018,18.0,10.0,17.0,8.0,10.0,10.0,0,0,elemental,Neutral,Mordenkainen's Tome of Foes
eblis,,1.0,monstrosity,Large,13,26,neutral evil,0,Adventures (Tomb of Annihilation),19/09/2017,11.0,16.0,12.0,12.0,14.0,11.0,1,0,monstrosity,Evil,Adventures
efreeti,https://www.aidedd.org/dnd/monstres.php?vo=efreeti,11.0,elemental,Large,17,200,lawful evil,0,Monster Manual (SRD),12/01/2016,22.0,12.0,24.0,16.0,15.0,16.0,1,0,elemental,Evil,Monster Manual (SRD)
eidolon,,12.0,undead,Medium,9,63,any alignment,0,Mordenkainen's Tome of Foes,29/05/2018,7.0,8.0,9.0,14.0,19.0,16.0,1,0,undead,Neutral,Mordenkainen's Tome of Foes
elder-brain,,14.0,aberration,Large,10,210,lawful evil,1,Volo's Guide to Monsters,15/11/2016,15.0,10.0,20.0,21.0,19.0,24.0,0,1,aberration,Evil,Volo's Guide to Monsters
elder-oblex,,10.0,ooze,Huge,16,115,lawful evil,0,Mordenkainen's Tome of Foes,29/05/2018,15.0,16.0,21.0,22.0,13.0,18.0,0,0,ooze,Evil,Mordenkainen's Tome of Foes
elder-tempest,,23.0,elemental,Gargantuan,19,264,neutral,0,Mordenkainen's Tome of Foes,29/05/2018,23.0,28.0,23.0,2.0,21.0,18.0,1,0,elemental,Neutral,Mordenkainen's Tome of Foes
elephant,https://www.aidedd.org/dnd/monstres.php?vo=elephant,4.0,beast,Huge,12,76,unaligned,0,Monster Manual (SRD),12/01/2016,22.0,9.0,17.0,3.0,11.0,6.0,0,0,beast,Unaligned,Monster Manual (SRD)
elk,https://www.aidedd.org/dnd/monstres.php?vo=elk,0.25,beast,Large,10,13,unaligned,0,Monster Manual (SRD),12/01/2016,16.0,10.0,12.0,2.0,10.0,6.0,0,0,beast,Unaligned,Monster Manual (SRD)
empyrean,,23.0,celestial (titan),Huge,22,313,chaotic good,1,Monster Manual,30/09/2014,30.0,21.0,30.0,21.0,22.0,27.0,1,1,celestial,Good,Monster Manual
enchanter,,5.0,humanoid (any race),Medium,12,40,any alignment,0,Volo's Guide to Monsters,15/11/2016,9.0,14.0,11.0,17.0,12.0,11.0,0,0,humanoid,Neutral,Volo's Guide to Monsters
erinyes,https://www.aidedd.org/dnd/monstres.php?vo=erinyes,12.0,fiend (devil),Medium,18,153,lawful evil,0,Monster Manual (SRD),12/01/2016,18.0,16.0,18.0,14.0,14.0,18.0,1,0,fiend,Evil,Monster Manual (SRD)
ettercap,https://www.aidedd.org/dnd/monstres.php?vo=ettercap,2.0,monstrosity,Medium,13,44,neutral evil,0,Monster Manual (SRD),12/01/2016,14.0,15.0,13.0,7.0,12.0,8.0,0,0,monstrosity,Evil,Monster Manual (SRD)
ettin,https://www.aidedd.org/dnd/monstres.php?vo=ettin,4.0,giant,Large,12,85,chaotic evil,0,Monster Manual (SRD),12/01/2016,21.0,8.0,17.0,6.0,10.0,8.0,0,0,giant,Evil,Monster Manual (SRD)
evoker,,9.0,humanoid (any race),Medium,12,66,any alignment,0,Volo's Guide to Monsters,15/11/2016,9.0,14.0,12.0,17.0,12.0,11.0,0,0,humanoid,Neutral,Volo's Guide to Monsters
expert-lvl-1,,0.0,humanoid (any race),Medium,14,11,any alignment,0,Essentials Kit,03/09/2019,10.0,15.0,12.0,13.0,10.0,14.0,0,0,humanoid,Neutral,Essentials Kit
expert-lvl-2,,0.0,humanoid (any race),Medium,14,16,any alignment,0,Essentials Kit,03/09/2019,10.0,15.0,12.0,13.0,10.0,14.0,0,0,humanoid,Neutral,Essentials Kit
expert-lvl-3,,0.0,humanoid (any race),Medium,14,22,any alignment,0,Essentials Kit,03/09/2019,10.0,15.0,12.0,13.0,10.0,14.0,0,0,humanoid,Neutral,Essentials Kit
expert-lvl-4,,0.0,humanoid (any race),Medium,14,27,any alignment,0,Essentials Kit,03/09/2019,10.0,17.0,12.0,13.0,10.0,14.0,0,0,humanoid,Neutral,Essentials Kit
expert-lvl-5,,0.0,humanoid (any race),Medium,14,33,any alignment,0,Essentials Kit,03/09/2019,10.0,17.0,12.0,13.0,10.0,14.0,0,0,humanoid,Neutral,Essentials Kit
expert-lvl-6,,0.0,humanoid (any race),Medium,14,38,any alignment,0,Essentials Kit,03/09/2019,10.0,17.0,12.0,13.0,10.0,14.0,0,0,humanoid,Neutral,Essentials Kit
faerie-dragon,,1.0,dragon,Tiny,15,14,chaotic good,0,Monster Manual,30/09/2014,3.0,20.0,13.0,14.0,12.0,16.0,1,0,dragon,Good,Monster Manual
female-steeder,,1.0,monstrosity,Large,14,30,unaligned,0,Mordenkainen's Tome of Foes,29/05/2018,15.0,16.0,14.0,2.0,10.0,3.0,0,0,monstrosity,Unaligned,Mordenkainen's Tome of Foes
fire-elemental,https://www.aidedd.org/dnd/monstres.php?vo=fire-elemental,5.0,elemental,Large,13,102,neutral,0,Monster Manual (SRD),12/01/2016,10.0,17.0,16.0,6.0,10.0,7.0,0,0,elemental,Neutral,Monster Manual (SRD)
fire-elemental-myrmidon,,7.0,elemental,Medium,18,123,neutral,0,Mordenkainen's Tome of Foes,29/05/2018,13.0,18.0,15.0,9.0,10.0,10.0,0,0,elemental,Neutral,Mordenkainen's Tome of Foes
fire-giant,https://www.aidedd.org/dnd/monstres.php?vo=fire-giant,9.0,giant,Huge,18,162,lawful evil,0,Monster Manual (SRD),12/01/2016,25.0,9.0,23.0,10.0,14.0,13.0,0,0,giant,Evil,Monster Manual (SRD)
fire-giant-dreadnought,,14.0,giant (fire giant),Huge,21,187,lawful evil,0,Volo's Guide to Monsters,15/11/2016,27.0,9.0,23.0,8.0,10.0,11.0,0,0,giant,Evil,Volo's Guide to Monsters
fire-snake,https://www.aidedd.org/dnd/monstres.php?vo=fire-snake,1.0,elemental,Medium,14,22,neutral evil,0,Monster Manual (BR),03/07/2014,12.0,14.0,11.0,7.0,10.0,8.0,0,0,elemental,Evil,Monster Manual (BR)
firenewt-warlock-of-imix,,1.0,humanoid (firenewt),Medium,10,33,neutral evil,0,Volo's Guide to Monsters,15/11/2016,13.0,11.0,12.0,9.0,11.0,14.0,0,0,humanoid,Evil,Volo's Guide to Monsters
firenewt-warrior,,0.5,humanoid (firenewt),Medium,16,22,neutral evil,0,Volo's Guide to Monsters,15/11/2016,10.0,13.0,12.0,7.0,11.0,8.0,0,0,humanoid,Evil,Volo's Guide to Monsters
fist-of-bane,,0.5,humanoid (human),Medium,18,22,lawful evil,0,Adventures (Descent into Avernus),17/09/2019,16.0,11.0,13.0,10.0,12.0,11.0,0,0,humanoid,Evil,Adventures
flail-snail,,3.0,elemental,Large,16,52,unaligned,0,Volo's Guide to Monsters,15/11/2016,17.0,5.0,20.0,3.0,10.0,5.0,0,0,elemental,Unaligned,Volo's Guide to Monsters
flameskull,https://www.aidedd.org/dnd/monstres.php?vo=flameskull,4.0,undead,Tiny,13,40,neutral evil,0,Monster Manual (SRD),12/01/2016,1.0,17.0,14.0,16.0,10.0,11.0,1,0,undead,Evil,Monster Manual (SRD)
flesh-golem,https://www.aidedd.org/dnd/monstres.php?vo=flesh-golem,5.0,construct,Medium,9,93,neutral,0,Monster Manual (SRD),12/01/2016,19.0,9.0,18.0,6.0,10.0,5.0,0,0,construct,Neutral,Monster Manual (SRD)
flind,https://www.aidedd.org/dnd/monstres.php?vo=flind,9.0,humanoid (gnoll),Medium,16,127,chaotic evil,0,Volo's Guide to Monsters,15/11/2016,20.0,10.0,19.0,11.0,13.0,12.0,0,0,humanoid,Evil,Volo's Guide to Monsters
flumph,,0.125,aberration,Small,12,7,lawful good,0,Monster Manual,30/09/2014,6.0,15.0,10.0,14.0,14.0,11.0,1,0,aberration,Good,Monster Manual
flying-snake,https://www.aidedd.org/dnd/monstres.php?vo=flying-snake,0.125,beast,Tiny,14,5,unaligned,0,Monster Manual (SRD),12/01/2016,4.0,18.0,11.0,2.0,12.0,5.0,1,1,beast,Unaligned,Monster Manual (SRD)
flying-sword,https://www.aidedd.org/dnd/monstres.php?vo=flying-sword,0.25,construct,Small,17,17,unaligned,0,Monster Manual (SRD),12/01/2016,12.0,15.0,11.0,1.0,5.0,1.0,1,0,construct,Unaligned,Monster Manual (SRD)
fomorian,,8.0,giant,Huge,14,149,chaotic evil,0,Monster Manual,30/09/2014,23.0,10.0,20.0,9.0,14.0,6.0,0,0,giant,Evil,Monster Manual
fraz-urb-luu,,23.0,fiend (demon),Large,18,337,chaotic evil,0,Mordenkainen's Tome of Foes,29/05/2018,29.0,12.0,25.0,26.0,24.0,26.0,1,0,fiend,Evil,Mordenkainen's Tome of Foes
frog,https://www.aidedd.org/dnd/monstres.php?vo=frog,0.0,beast,Tiny,11,1,unaligned,0,Monster Manual (SRD),12/01/2016,1.0,13.0,8.0,1.0,8.0,3.0,0,1,beast,Unaligned,Monster Manual (SRD)
froghemoth,https://www.aidedd.org/dnd/monstres.php?vo=froghemoth,10.0,monstrosity,Huge,14,184,unaligned,0,Volo's Guide to Monsters,15/11/2016,23.0,13.0,20.0,2.0,12.0,5.0,0,1,monstrosity,Unaligned,Volo's Guide to Monsters
frost-giant,https://www.aidedd.org/dnd/monstres.php?vo=frost-giant,8.0,giant,Huge,15,138,neutral evil,0,Monster Manual (SRD),12/01/2016,23.0,9.0,21.0,9.0,10.0,12.0,0,0,giant,Evil,Monster Manual (SRD)
frost-giant-everlasting-one,,12.0,giant (frost giant),Huge,15,189,chaotic evil,0,Volo's Guide to Monsters,15/11/2016,25.0,9.0,24.0,9.0,10.0,12.0,0,0,giant,Evil,Volo's Guide to Monsters
frost-salamander,,9.0,elemental,Huge,17,168,unaligned,0,Mordenkainen's Tome of Foes,29/05/2018,20.0,12.0,18.0,7.0,11.0,7.0,0,0,elemental,Unaligned,Mordenkainen's Tome of Foes
galeb-duhr,https://www.aidedd.org/dnd/monstres.php?vo=galeb-duhr,6.0,elemental,Medium,16,85,neutral,0,Monster Manual (BR),03/07/2014,20.0,14.0,20.0,11.0,12.0,11.0,0,0,elemental,Neutral,Monster Manual (BR)
gargoyle,https://www.aidedd.org/dnd/monstres.php?vo=gargoyle,2.0,elemental,Medium,15,52,chaotic evil,0,Monster Manual (SRD),12/01/2016,15.0,11.0,16.0,6.0,11.0,7.0,1,0,elemental,Evil,Monster Manual (SRD)
gas-spore,,0.5,plant,Large,5,1,unaligned,0,Monster Manual,30/09/2014,5.0,1.0,3.0,1.0,1.0,1.0,1,0,plant,Unaligned,Monster Manual
gauth,https://www.aidedd.org/dnd/monstres.php?vo=gauth,6.0,aberration,Medium,15,67,lawful evil,0,Volo's Guide to Monsters,15/11/2016,10.0,14.0,16.0,15.0,15.0,13.0,1,0,aberration,Evil,Volo's Guide to Monsters
gazer,,0.5,aberration,Tiny,13,13,neutral evil,0,Volo's Guide to Monsters,15/11/2016,3.0,17.0,14.0,3.0,10.0,7.0,1,0,aberration,Evil,Volo's Guide to Monsters
gelatinous-cube,https://www.aidedd.org/dnd/monstres.php?vo=gelatinous-cube,2.0,ooze,Large,6,84,unaligned,0,Monster Manual (SRD),12/01/2016,14.0,3.0,20.0,1.0,6.0,1.0,0,0,ooze,Unaligned,Monster Manual (SRD)
geryon,,22.0,fiend (devil),Huge,19,300,lawful evil,0,Mordenkainen's Tome of Foes,29/05/2018,29.0,17.0,22.0,19.0,16.0,23.0,1,0,fiend,Evil,Mordenkainen's Tome of Foes
ghast,https://www.aidedd.org/dnd/monstres.php?vo=ghast,2.0,undead,Medium,13,36,chaotic evil,0,Monster Manual (SRD),12/01/2016,16.0,17.0,10.0,11.0,10.0,8.0,0,0,undead,Evil,Monster Manual (SRD)
ghost,https://www.aidedd.org/dnd/monstres.php?vo=ghost,4.0,undead,Medium,11,45,any alignment,0,Monster Manual (SRD),12/01/2016,7.0,13.0,10.0,10.0,12.0,17.0,1,0,undead,Neutral,Monster Manual (SRD)
ghoul,https://www.aidedd.org/dnd/monstres.php?vo=ghoul,1.0,undead,Medium,12,22,chaotic evil,0,Monster Manual (SRD),12/01/2016,13.0,15.0,10.0,7.0,10.0,6.0,0,0,undead,Evil,Monster Manual (SRD)
giant-ape,https://www.aidedd.org/dnd/monstres.php?vo=giant-ape,7.0,beast,Huge,12,157,unaligned,0,Monster Manual (SRD),12/01/2016,23.0,14.0,18.0,7.0,12.0,7.0,0,0,beast,Unaligned,Monster Manual (SRD)
giant-badger,https://www.aidedd.org/dnd/monstres.php?vo=giant-badger,0.25,beast,Medium,10,13,unaligned,0,Monster Manual (SRD),12/01/2016,13.0,10.0,15.0,2.0,12.0,5.0,0,0,beast,Unaligned,Monster Manual (SRD)
giant-bat,https://www.aidedd.org/dnd/monstres.php?vo=giant-bat,0.25,beast,Large,13,22,unaligned,0,Monster Manual (SRD),12/01/2016,15.0,16.0,11.0,2.0,12.0,6.0,1,0,beast,Unaligned,Monster Manual (SRD)
giant-boar,https://www.aidedd.org/dnd/monstres.php?vo=giant-boar,2.0,beast,Large,12,42,unaligned,0,Monster Manual (SRD),12/01/2016,17.0,10.0,16.0,2.0,7.0,5.0,0,0,beast,Unaligned,Monster Manual (SRD)
giant-centipede,https://www.aidedd.org/dnd/monstres.php?vo=giant-centipede,0.25,beast,Small,13,4,unaligned,0,Monster Manual (SRD),12/01/2016,5.0,14.0,12.0,1.0,7.0,3.0,0,0,beast,Unaligned,Monster Manual (SRD)
giant-constrictor-snake,https://www.aidedd.org/dnd/monstres.php?vo=giant-constrictor-snake,2.0,beast,Huge,12,60,unaligned,0,Monster Manual (SRD),12/01/2016,19.0,14.0,12.0,1.0,10.0,3.0,0,1,beast,Unaligned,Monster Manual (SRD)
giant-crab,https://www.aidedd.org/dnd/monstres.php?vo=giant-crab,0.125,beast,Medium,15,13,unaligned,0,Monster Manual (SRD),12/01/2016,13.0,15.0,11.0,1.0,9.0,3.0,0,1,beast,Unaligned,Monster Manual (SRD)
giant-crocodile,https://www.aidedd.org/dnd/monstres.php?vo=giant-crocodile,5.0,beast,Huge,14,85,unaligned,0,Monster Manual (SRD),12/01/2016,21.0,9.0,17.0,2.0,10.0,7.0,0,1,beast,Unaligned,Monster Manual (SRD)
giant-eagle,https://www.aidedd.org/dnd/monstres.php?vo=giant-eagle,1.0,beast,Large,13,26,neutral good,0,Monster Manual (SRD),12/01/2016,16.0,17.0,13.0,8.0,14.0,10.0,1,0,beast,Good,Monster Manual (SRD)
giant-elk,https://www.aidedd.org/dnd/monstres.php?vo=giant-elk,2.0,beast,Huge,14,42,unaligned,0,Monster Manual (SRD),12/01/2016,19.0,16.0,14.0,7.0,14.0,10.0,0,0,beast,Unaligned,Monster Manual (SRD)
giant-fire-beetle,https://www.aidedd.org/dnd/monstres.php?vo=giant-fire-beetle,0.0,beast,Small,13,4,unaligned,0,Monster Manual (SRD),12/01/2016,8.0,10.0,12.0,1.0,7.0,3.0,0,0,beast,Unaligned,Monster Manual (SRD)
giant-four-armed-gargoyle,,10.0,elemental,Large,17,147,chaotic evil,0,Adventures (Tomb of Annihilation),19/09/2017,19.0,11.0,20.0,6.0,11.0,9.0,1,0,elemental,Evil,Adventures
giant-frog,https://www.aidedd.org/dnd/monstres.php?vo=giant-frog,0.25,beast,Medium,11,18,unaligned,0,Monster Manual (SRD),12/01/2016,12.0,13.0,11.0,2.0,10.0,3.0,0,1,beast,Unaligned,Monster Manual (SRD)
giant-goat,https://www.aidedd.org/dnd/monstres.php?vo=giant-goat,0.5,beast,Large,11,19,unaligned,0,Monster Manual (SRD),12/01/2016,17.0,11.0,12.0,3.0,12.0,6.0,0,0,beast,Unaligned,Monster Manual (SRD)
giant-hyena,https://www.aidedd.org/dnd/monstres.php?vo=giant-hyena,1.0,beast,Large,12,45,unaligned,0,Monster Manual (SRD),12/01/2016,16.0,14.0,14.0,2.0,12.0,7.0,0,0,beast,Unaligned,Monster Manual (SRD)
giant-lizard,https://www.aidedd.org/dnd/monstres.php?vo=giant-lizard,0.25,beast,Large,12,19,unaligned,0,Monster Manual (SRD),12/01/2016,15.0,12.0,13.0,2.0,10.0,5.0,0,0,beast,Unaligned,Monster Manual (SRD)
giant-octopus,https://www.aidedd.org/dnd/monstres.php?vo=giant-octopus,1.0,beast,Large,11,52,unaligned,0,Monster Manual (SRD),12/01/2016,17.0,13.0,13.0,4.0,10.0,4.0,0,1,beast,Unaligned,Monster Manual (SRD)
giant-owl,https://www.aidedd.org/dnd/monstres.php?vo=giant-owl,0.25,beast,Large,12,19,neutral,0,Monster Manual (SRD),12/01/2016,13.0,15.0,12.0,8.0,13.0,10.0,1,0,beast,Neutral,Monster Manual (SRD)
giant-poisonous-snake,https://www.aidedd.org/dnd/monstres.php?vo=giant-poisonous-snake,0.25,beast,Medium,14,11,unaligned,0,Monster Manual (SRD),12/01/2016,10.0,18.0,13.0,2.0,10.0,3.0,0,1,beast,Unaligned,Monster Manual (SRD)
giant-rat,https://www.aidedd.org/dnd/monstres.php?vo=giant-rat,0.125,beast,Small,12,7,unaligned,0,Monster Manual (SRD),12/01/2016,7.0,15.0,11.0,2.0,10.0,4.0,0,0,beast,Unaligned,Monster Manual (SRD)
giant-scorpion,https://www.aidedd.org/dnd/monstres.php?vo=giant-scorpion,3.0,beast,Large,15,52,unaligned,0,Monster Manual (SRD),12/01/2016,15.0,13.0,15.0,1.0,9.0,3.0,0,0,beast,Unaligned,Monster Manual (SRD)
giant-sea-horse,https://www.aidedd.org/dnd/monstres.php?vo=giant-sea-horse,0.5,beast,Large,13,16,unaligned,0,Monster Manual (SRD),12/01/2016,12.0,15.0,11.0,2.0,12.0,5.0,0,1,beast,Unaligned,Monster Manual (SRD)
giant-shark,https://www.aidedd.org/dnd/monstres.php?vo=giant-shark,5.0,beast,Huge,13,126,unaligned,0,Monster Manual (SRD),12/01/2016,23.0,11.0,21.0,1.0,10.0,5.0,0,1,beast,Unaligned,Monster Manual (SRD)
giant-spider,https://www.aidedd.org/dnd/monstres.php?vo=giant-spider,1.0,beast,Large,14,26,unaligned,0,Monster Manual (SRD),12/01/2016,14.0,16.0,12.0,2.0,11.0,4.0,0,0,beast,Unaligned,Monster Manual (SRD)
giant-strider,,1.0,monstrosity,Large,14,22,neutral evil,0,Volo's Guide to Monsters,15/11/2016,18.0,13.0,14.0,4.0,12.0,6.0,0,0,monstrosity,Evil,Volo's Guide to Monsters
giant-toad,https://www.aidedd.org/dnd/monstres.php?vo=giant-toad,1.0,beast,Large,11,39,unaligned,0,Monster Manual (SRD),12/01/2016,15.0,13.0,13.0,2.0,10.0,3.0,0,1,beast,Unaligned,Monster Manual (SRD)
giant-two-headed-goat,https://www.aidedd.org/dnd/monstres.php?vo=giant-two-headed-goat,0.5,beast,Large,11,19,unaligned,0,Extra (Adventurers League),,17.0,11.0,12.0,3.0,12.0,6.0,0,0,beast,Unaligned,Extra
giant-vulture,https://www.aidedd.org/dnd/monstres.php?vo=giant-vulture,1.0,beast,Large,10,22,neutral evil,0,Monster Manual (SRD),12/01/2016,15.0,10.0,15.0,6.0,12.0,7.0,1,0,beast,Evil,Monster Manual (SRD)
giant-wasp,https://www.aidedd.org/dnd/monstres.php?vo=giant-wasp,0.5,beast,Medium,12,13,unaligned,0,Monster Manual (SRD),12/01/2016,10.0,14.0,10.0,1.0,10.0,3.0,1,0,beast,Unaligned,Monster Manual (SRD)
giant-weasel,https://www.aidedd.org/dnd/monstres.php?vo=giant-weasel,0.125,beast,Medium,13,9,unaligned,0,Monster Manual (SRD),12/01/2016,11.0,16.0,10.0,4.0,12.0,5.0,0,0,beast,Unaligned,Monster Manual (SRD)
giant-wolf-spider,https://www.aidedd.org/dnd/monstres.php?vo=giant-wolf-spider,0.25,beast,Medium,13,11,unaligned,0,Monster Manual (SRD),12/01/2016,12.0,16.0,13.0,3.0,12.0,4.0,0,0,beast,Unaligned,Monster Manual (SRD)
gibbering-mouther,https://www.aidedd.org/dnd/monstres.php?vo=gibbering-mouther,2.0,aberration,Medium,9,67,neutral,0,Monster Manual (SRD),12/01/2016,10.0,8.0,16.0,3.0,10.0,6.0,0,1,aberration,Neutral,Monster Manual (SRD)
giff,,3.0,humanoid,Medium,16,60,lawful neutral,0,Mordenkainen's Tome of Foes,29/05/2018,18.0,14.0,17.0,11.0,12.0,12.0,0,0,humanoid,Neutral,Mordenkainen's Tome of Foes
girallon,,4.0,monstrosity,Large,13,59,unaligned,0,Volo's Guide to Monsters,15/11/2016,18.0,16.0,16.0,5.0,12.0,7.0,0,0,monstrosity,Unaligned,Volo's Guide to Monsters
githyanki-gish,,10.0,humanoid (gith),Medium,17,123,lawful evil,0,Mordenkainen's Tome of Foes,29/05/2018,17.0,15.0,14.0,16.0,15.0,16.0,0,0,humanoid,Evil,Mordenkainen's Tome of Foes
githyanki-kith--rak,,12.0,humanoid (gith),Medium,18,180,lawful evil,0,Mordenkainen's Tome of Foes,29/05/2018,18.0,16.0,17.0,16.0,15.0,17.0,0,0,humanoid,Evil,Mordenkainen's Tome of Foes
githyanki-knight,,8.0,humanoid (gith),Medium,18,91,lawful evil,0,Monster Manual,30/09/2014,16.0,14.0,15.0,14.0,14.0,15.0,0,0,humanoid,Evil,Monster Manual
githyanki-supreme-commander,,14.0,humanoid (gith),Medium,18,187,lawful evil,0,Mordenkainen's Tome of Foes,29/05/2018,19.0,17.0,18.0,16.0,16.0,18.0,0,0,humanoid,Evil,Mordenkainen's Tome of Foes
githyanki-warrior,,3.0,humanoid (gith),Medium,17,49,lawful evil,0,Monster Manual,30/09/2014,15.0,14.0,12.0,13.0,13.0,10.0,0,0,humanoid,Evil,Monster Manual
githzerai-anarch,,16.0,humanoid (gith),Medium,20,144,lawful neutral,0,Mordenkainen's Tome of Foes,29/05/2018,16.0,21.0,18.0,18.0,20.0,14.0,1,0,humanoid,Neutral,Mordenkainen's Tome of Foes
githzerai-enlightned,,10.0,humanoid (gith),Medium,18,112,lawful neutral,0,Mordenkainen's Tome of Foes,29/05/2018,14.0,19.0,16.0,17.0,19.0,13.0,0,0,humanoid,Neutral,Mordenkainen's Tome of Foes
githzerai-monk,,2.0,humanoid (gith),Medium,14,38,lawful neutral,0,Monster Manual,30/09/2014,12.0,15.0,12.0,13.0,14.0,10.0,0,0,humanoid,Neutral,Monster Manual
githzerai-zerth,,6.0,humanoid (gith),Medium,17,84,lawful neutral,0,Monster Manual,30/09/2014,13.0,18.0,15.0,16.0,17.0,12.0,0,0,humanoid,Neutral,Monster Manual
glabrezu,https://www.aidedd.org/dnd/monstres.php?vo=glabrezu,9.0,fiend (demon),Large,17,157,chaotic evil,0,Monster Manual (SRD),12/01/2016,20.0,15.0,21.0,19.0,17.0,16.0,0,0,fiend,Evil,Monster Manual (SRD)
gladiator,https://www.aidedd.org/dnd/monstres.php?vo=gladiator,5.0,humanoid (any race),Medium,16,112,any alignment,0,Monster Manual (SRD),12/01/2016,18.0,15.0,16.0,10.0,12.0,15.0,0,0,humanoid,Neutral,Monster Manual (SRD)
gloom-weaver,,9.0,humanoid (elf),Medium,14,104,neutral,0,Mordenkainen's Tome of Foes,29/05/2018,11.0,18.0,14.0,15.0,12.0,18.0,0,0,humanoid,Neutral,Mordenkainen's Tome of Foes
gnoll,https://www.aidedd.org/dnd/monstres.php?vo=gnoll,0.5,humanoid (gnoll),Medium,15,22,chaotic evil,0,Monster Manual (SRD),12/01/2016,14.0,12.0,11.0,6.0,10.0,7.0,0,0,humanoid,Evil,Monster Manual (SRD)
gnoll-fang-of-yeenoghu,,4.0,fiend (gnoll),Medium,14,65,chaotic evil,0,Monster Manual,30/09/2014,17.0,15.0,15.0,10.0,11.0,13.0,0,0,fiend,Evil,Monster Manual
gnoll-flesh-gnawer,,1.0,humanoid (gnoll),Medium,14,22,chaotic evil,0,Volo's Guide to Monsters,15/11/2016,12.0,14.0,12.0,8.0,10.0,8.0,0,0,humanoid,Evil,Volo's Guide to Monsters
gnoll-hunter,,0.5,humanoid (gnoll),Medium,13,22,chaotic evil,0,Volo's Guide to Monsters,15/11/2016,14.0,14.0,12.0,8.0,12.0,8.0,0,0,humanoid,Evil,Volo's Guide to Monsters
gnoll-pack-lord,https://www.aidedd.org/dnd/monstres.php?vo=gnoll-pack-lord,2.0,humanoid (gnoll),Medium,15,49,chaotic evil,0,Monster Manual (BR),03/07/2014,16.0,14.0,13.0,8.0,11.0,9.0,0,0,humanoid,Evil,Monster Manual (BR)
gnoll-witherling,,0.25,undead,Medium,12,11,chaotic evil,0,Volo's Guide to Monsters,15/11/2016,14.0,8.0,12.0,5.0,5.0,5.0,0,0,undead,Evil,Volo's Guide to Monsters
goat,https://www.aidedd.org/dnd/monstres.php?vo=goat,0.0,beast,Medium,10,4,unaligned,0,Monster Manual (SRD),12/01/2016,12.0,10.0,11.0,2.0,10.0,5.0,0,0,beast,Unaligned,Monster Manual (SRD)
goblin,https://www.aidedd.org/dnd/monstres.php?vo=goblin,0.25,humanoid (goblinoid),Small,15,7,neutral evil,0,Monster Manual (SRD),12/01/2016,8.0,14.0,10.0,10.0,8.0,8.0,0,0,humanoid,Evil,Monster Manual (SRD)
goblin-boss,,1.0,humanoid (goblinoid),Small,17,21,neutral evil,0,Monster Manual,30/09/2014,10.0,14.0,10.0,10.0,8.0,10.0,0,0,humanoid,Evil,Monster Manual
gold-dragon-wyrmling,https://www.aidedd.org/dnd/monstres.php?vo=gold-dragon-wyrmling,3.0,dragon,Medium,17,60,lawful good,0,Monster Manual (SRD),12/01/2016,19.0,14.0,17.0,14.0,11.0,16.0,1,1,dragon,Good,Monster Manual (SRD)
gorgon,https://www.aidedd.org/dnd/monstres.php?vo=gorgon,5.0,monstrosity,Large,19,114,unaligned,0,Monster Manual (SRD),12/01/2016,20.0,11.0,18.0,2.0,12.0,7.0,0,0,monstrosity,Unaligned,Monster Manual (SRD)
goristro,,17.0,fiend (demon),Huge,19,310,chaotic evil,0,Monster Manual,30/09/2014,25.0,11.0,25.0,6.0,13.0,14.0,0,0,fiend,Evil,Monster Manual
gray-ooze,https://www.aidedd.org/dnd/monstres.php?vo=gray-ooze,0.5,ooze,Medium,8,22,unaligned,0,Monster Manual (SRD),12/01/2016,12.0,6.0,16.0,1.0,6.0,2.0,0,0,ooze,Unaligned,Monster Manual (SRD)
gray-render,,12.0,monstrosity,Large,19,189,chaotic neutral,0,Mordenkainen's Tome of Foes,29/05/2018,19.0,13.0,20.0,3.0,6.0,8.0,0,0,monstrosity,Neutral,Mordenkainen's Tome of Foes
gray-slaad,,9.0,aberration (shapechanger),Medium,18,127,chaotic neutral,0,Monster Manual,30/09/2014,17.0,17.0,16.0,13.0,8.0,14.0,0,0,aberration,Neutral,Monster Manual
graz-zt,,24.0,"fiend (demon, shapechanger)",Large,20,346,chaotic evil,0,Mordenkainen's Tome of Foes,29/05/2018,22.0,15.0,21.0,23.0,21.0,26.0,0,0,fiend,Evil,Mordenkainen's Tome of Foes
green-abishai,,15.0,fiend (devil),Medium,18,187,lawful evil,0,Mordenkainen's Tome of Foes,29/05/2018,12.0,17.0,16.0,17.0,12.0,19.0,1,0,fiend,Evil,Mordenkainen's Tome of Foes
green-dragon-wyrmling,https://www.aidedd.org/dnd/monstres.php?vo=green-dragon-wyrmling,2.0,dragon,Medium,17,38,lawful evil,0,Monster Manual (SRD),12/01/2016,15.0,12.0,13.0,14.0,11.0,13.0,1,1,dragon,Evil,Monster Manual (SRD)
green-hag,https://www.aidedd.org/dnd/monstres.php?vo=green-hag,3.0,fey,Medium,17,82,neutral evil,0,Monster Manual (SRD),12/01/2016,18.0,12.0,16.0,13.0,14.0,14.0,0,0,fey,Evil,Monster Manual (SRD)
green-slaad,,8.0,aberration (shapechanger),Large,16,127,chaotic neutral,0,Monster Manual,30/09/2014,18.0,15.0,16.0,11.0,8.0,12.0,0,0,aberration,Neutral,Monster Manual
grell,https://www.aidedd.org/dnd/monstres.php?vo=grell,3.0,aberration,Medium,12,55,neutral evil,0,Monster Manual (BR),03/07/2014,15.0,14.0,13.0,12.0,11.0,9.0,1,0,aberration,Evil,Monster Manual (BR)
grick,https://www.aidedd.org/dnd/monstres.php?vo=grick,2.0,monstrosity,Medium,14,27,neutral,0,Monster Manual (SRD),12/01/2016,14.0,14.0,11.0,3.0,14.0,5.0,0,0,monstrosity,Neutral,Monster Manual (SRD)
grick-alpha,,7.0,monstrosity,Large,18,75,neutral,0,Monster Manual,30/09/2014,18.0,16.0,15.0,4.0,14.0,9.0,0,0,monstrosity,Neutral,Monster Manual
griffon,https://www.aidedd.org/dnd/monstres.php?vo=griffon,2.0,monstrosity,Large,12,59,unaligned,0,Monster Manual (SRD),12/01/2016,18.0,15.0,16.0,2.0,13.0,8.0,1,0,monstrosity,Unaligned,Monster Manual (SRD)
grimlock,https://www.aidedd.org/dnd/monstres.php?vo=grimlock,0.25,humanoid (grimlock),Medium,11,11,neutral evil,0,Monster Manual (SRD),12/01/2016,16.0,12.0,12.0,9.0,8.0,6.0,0,0,humanoid,Evil,Monster Manual (SRD)
grung,,0.25,humanoid (grung),Small,12,11,lawful evil,0,Volo's Guide to Monsters,15/11/2016,7.0,14.0,15.0,10.0,11.0,10.0,0,0,humanoid,Evil,Volo's Guide to Monsters
grung-elite-warrior,,2.0,humanoid (grung),Small,13,49,lawful evil,0,Volo's Guide to Monsters,15/11/2016,7.0,16.0,15.0,10.0,11.0,12.0,0,0,humanoid,Evil,Volo's Guide to Monsters
grung-wildling,,1.0,humanoid (grung),Small,13,27,lawful evil,0,Volo's Guide to Monsters,15/11/2016,7.0,16.0,15.0,10.0,15.0,11.0,0,0,humanoid,Evil,Volo's Guide to Monsters
guard,https://www.aidedd.org/dnd/monstres.php?vo=guard,0.125,humanoid (any race),Medium,16,11,any alignment,0,Monster Manual (SRD),12/01/2016,13.0,12.0,12.0,10.0,11.0,10.0,0,0,humanoid,Neutral,Monster Manual (SRD)
guard-drake,,2.0,dragon,Medium,14,52,unaligned,0,Volo's Guide to Monsters,15/11/2016,16.0,11.0,16.0,4.0,10.0,7.0,0,0,dragon,Unaligned,Volo's Guide to Monsters
guardian-naga,https://www.aidedd.org/dnd/monstres.php?vo=guardian-naga,10.0,monstrosity,Large,18,127,lawful good,0,Monster Manual (SRD),12/01/2016,19.0,18.0,16.0,16.0,19.0,18.0,0,0,monstrosity,Good,Monster Manual (SRD)
gynosphinx,https://www.aidedd.org/dnd/monstres.php?vo=gynosphinx,11.0,monstrosity,Large,17,136,lawful neutral,1,Monster Manual (SRD),12/01/2016,18.0,15.0,16.0,18.0,18.0,18.0,1,0,monstrosity,Neutral,Monster Manual (SRD)
halaster-blackcloak,,23.0,humanoid (human),Medium,14,246,chaotic evil,0,Adventures (Dungeon of the Mad Mage),20/11/2018,10.0,18.0,18.0,24.0,18.0,18.0,0,0,humanoid,Evil,Adventures
half-ogre,https://www.aidedd.org/dnd/monstres.php?vo=half-ogre,1.0,giant,Large,12,30,any chaotic alignment,0,Monster Manual (BR),03/07/2014,17.0,10.0,14.0,7.0,9.0,10.0,0,0,giant,Neutral,Monster Manual (BR)
half-red-dragon-veteran,https://www.aidedd.org/dnd/monstres.php?vo=half-red-dragon-veteran,5.0,humanoid (human),Medium,18,65,any alignment,0,Monster Manual (BR),03/07/2014,16.0,13.0,14.0,10.0,11.0,10.0,0,0,humanoid,Neutral,Monster Manual (BR)
harpy,https://www.aidedd.org/dnd/monstres.php?vo=harpy,1.0,monstrosity,Medium,11,38,chaotic evil,0,Monster Manual (SRD),12/01/2016,12.0,13.0,12.0,7.0,10.0,13.0,1,0,monstrosity,Evil,Monster Manual (SRD)
hawk,https://www.aidedd.org/dnd/monstres.php?vo=hawk,0.0,beast,Tiny,13,1,unaligned,0,Monster Manual (SRD),12/01/2016,5.0,16.0,8.0,2.0,14.0,6.0,1,0,beast,Unaligned,Monster Manual (SRD)
hell-hound,https://www.aidedd.org/dnd/monstres.php?vo=hell-hound,3.0,fiend,Medium,15,45,lawful evil,0,Monster Manual (SRD),12/01/2016,17.0,12.0,14.0,6.0,13.0,6.0,0,0,fiend,Evil,Monster Manual (SRD)
hellfire-engine,,16.0,construct,Huge,18,216,lawful evil,0,Mordenkainen's Tome of Foes,29/05/2018,20.0,16.0,24.0,2.0,10.0,1.0,0,0,construct,Evil,Mordenkainen's Tome of Foes
hellwasp,,5.0,fiend,Large,19,52,lawful evil,0,Adventures (Descent into Avernus),17/09/2019,18.0,15.0,12.0,10.0,10.0,7.0,1,0,fiend,Evil,Adventures
helmed-horror,https://www.aidedd.org/dnd/monstres.php?vo=helmed-horror,4.0,construct,Medium,20,60,neutral,0,Monster Manual (BR),03/07/2014,18.0,13.0,16.0,10.0,10.0,10.0,1,0,construct,Neutral,Monster Manual (BR)
hezrou,https://www.aidedd.org/dnd/monstres.php?vo=hezrou,8.0,fiend (demon),Large,16,136,chaotic evil,0,Monster Manual (SRD),12/01/2016,19.0,17.0,20.0,5.0,12.0,13.0,0,0,fiend,Evil,Monster Manual (SRD)
hill-giant,https://www.aidedd.org/dnd/monstres.php?vo=hill-giant,5.0,giant,Huge,13,105,chaotic evil,0,Monster Manual (SRD),12/01/2016,21.0,8.0,19.0,5.0,9.0,6.0,0,0,giant,Evil,Monster Manual (SRD)
hippogriff,https://www.aidedd.org/dnd/monstres.php?vo=hippogriff,1.0,monstrosity,Large,11,19,unaligned,0,Monster Manual (SRD),12/01/2016,17.0,13.0,13.0,2.0,12.0,8.0,1,0,monstrosity,Unaligned,Monster Manual (SRD)
hobgoblin,https://www.aidedd.org/dnd/monstres.php?vo=hobgoblin,0.5,humanoid (goblinoid),Medium,18,11,lawful evil,0,Monster Manual (SRD),12/01/2016,13.0,12.0,12.0,10.0,10.0,9.0,0,0,humanoid,Evil,Monster Manual (SRD)
hobgoblin-captain,https://www.aidedd.org/dnd/monstres.php?vo=hobgoblin-captain,3.0,humanoid (goblinoid),Medium,17,39,lawful evil,0,Monster Manual (BR),03/07/2014,15.0,14.0,14.0,12.0,10.0,13.0,0,0,humanoid,Evil,Monster Manual (BR)
hobgoblin-devastator,,4.0,humanoid (goblinoid),Medium,13,45,lawful evil,0,Volo's Guide to Monsters,15/11/2016,13.0,12.0,14.0,16.0,13.0,11.0,0,0,humanoid,Evil,Volo's Guide to Monsters
hobgoblin-iron-shadow,https://www.aidedd.org/dnd/monstres.php?vo=hobgoblin-iron-shadow,2.0,humanoid (goblinoid),Medium,15,32,lawful evil,0,Volo's Guide to Monsters,15/11/2016,14.0,16.0,15.0,14.0,15.0,11.0,0,0,humanoid,Evil,Volo's Guide to Monsters
hobgoblin-warlord,,6.0,humanoid (goblinoid),Medium,20,97,lawful evil,0,Monster Manual,30/09/2014,16.0,14.0,16.0,14.0,11.0,15.0,0,0,humanoid,Evil,Monster Manual
homunculus,https://www.aidedd.org/dnd/monstres.php?vo=homunculus,0.0,construct,Tiny,13,5,neutral,0,Monster Manual (SRD),12/01/2016,4.0,15.0,11.0,10.0,10.0,7.0,1,0,construct,Neutral,Monster Manual (SRD)
hook-horror,https://www.aidedd.org/dnd/monstres.php?vo=hook-horror,3.0,monstrosity,Large,15,75,neutral,0,Monster Manual (BR),03/07/2014,18.0,10.0,15.0,6.0,12.0,7.0,0,0,monstrosity,Neutral,Monster Manual (BR)
horned-devil,https://www.aidedd.org/dnd/monstres.php?vo=horned-devil,11.0,fiend (devil),Large,18,178,lawful evil,0,Monster Manual (SRD),12/01/2016,22.0,17.0,21.0,12.0,16.0,17.0,1,0,fiend,Evil,Monster Manual (SRD)
howler,,8.0,fiend,Large,16,90,chaotic evil,0,Mordenkainen's Tome of Foes,29/05/2018,17.0,16.0,15.0,5.0,20.0,6.0,0,0,fiend,Evil,Mordenkainen's Tome of Foes
hulking-crab,,5.0,beast,Huge,17,76,unaligned,0,Adventures (Storm King's Thunder),06/09/2016,19.0,8.0,16.0,3.0,11.0,3.0,0,1,beast,Unaligned,Adventures
hunter-shark,https://www.aidedd.org/dnd/monstres.php?vo=hunter-shark,2.0,beast,Large,12,45,unaligned,0,Monster Manual (SRD),12/01/2016,18.0,13.0,15.0,1.0,10.0,4.0,0,1,beast,Unaligned,Monster Manual (SRD)
hutijin,,21.0,fiend (devil),Large,19,200,lawful evil,0,Mordenkainen's Tome of Foes,29/05/2018,27.0,15.0,25.0,23.0,19.0,25.0,1,0,fiend,Evil,Mordenkainen's Tome of Foes
hydra,https://www.aidedd.org/dnd/monstres.php?vo=hydra,8.0,monstrosity,Huge,15,172,unaligned,0,Monster Manual (SRD),12/01/2016,20.0,12.0,20.0,2.0,10.0,7.0,0,1,monstrosity,Unaligned,Monster Manual (SRD)
hydroloth,,9.0,fiend (yugoloth),Medium,15,135,neutral evil,0,Mordenkainen's Tome of Foes,29/05/2018,12.0,21.0,16.0,19.0,10.0,14.0,0,1,fiend,Evil,Mordenkainen's Tome of Foes
hyena,https://www.aidedd.org/dnd/monstres.php?vo=hyena,0.0,beast,Medium,11,5,unaligned,0,Monster Manual (SRD),12/01/2016,11.0,13.0,12.0,2.0,12.0,5.0,0,0,beast,Unaligned,Monster Manual (SRD)
ice-devil,https://www.aidedd.org/dnd/monstres.php?vo=ice-devil,14.0,fiend (devil),Large,18,180,lawful evil,0,Monster Manual (SRD),12/01/2016,21.0,14.0,18.0,18.0,15.0,18.0,0,0,fiend,Evil,Monster Manual (SRD)
ice-mephit,https://www.aidedd.org/dnd/monstres.php?vo=ice-mephit,0.5,elemental,Small,11,21,neutral evil,0,Monster Manual (SRD),12/01/2016,7.0,13.0,10.0,9.0,11.0,12.0,1,0,elemental,Evil,Monster Manual (SRD)
ice-toad,,1.0,monstrosity,Medium,12,32,neutral,0,Adventures (Tyranny of Dragons),19/08/2014,13.0,10.0,14.0,8.0,10.0,6.0,0,1,monstrosity,Neutral,Adventures
illusionist,,3.0,humanoid (any race),Medium,12,38,any alignment,0,Volo's Guide to Monsters,15/11/2016,9.0,14.0,13.0,16.0,11.0,12.0,0,0,humanoid,Neutral,Volo's Guide to Monsters
imix,,19.0,elemental,Huge,17,325,neutral evil,0,Adventures (Princes of the Apocalypse),07/04/2015,19.0,24.0,22.0,15.0,16.0,23.0,1,0,elemental,Evil,Adventures
imp,https://www.aidedd.org/dnd/monstres.php?vo=imp,1.0,"fiend (devil, shapechanger)",Tiny,13,10,lawful evil,0,Monster Manual (SRD),12/01/2016,6.0,17.0,13.0,11.0,12.0,14.0,1,0,fiend,Evil,Monster Manual (SRD)
intellect-devourer,,2.0,aberration,Tiny,12,21,lawful evil,0,Monster Manual,30/09/2014,6.0,14.0,13.0,12.0,11.0,10.0,0,0,aberration,Evil,Monster Manual
invisible-stalker,https://www.aidedd.org/dnd/monstres.php?vo=invisible-stalker,6.0,elemental,Medium,14,104,neutral,0,Monster Manual (SRD),12/01/2016,16.0,19.0,14.0,10.0,15.0,11.0,1,0,elemental,Neutral,Monster Manual (SRD)
iron-cobra,,4.0,construct,Medium,13,45,unaligned,0,Mordenkainen's Tome of Foes,29/05/2018,12.0,16.0,14.0,3.0,10.0,1.0,0,0,construct,Unaligned,Mordenkainen's Tome of Foes
iron-consul,,2.0,humanoid (human),Medium,16,45,lawful evil,0,Adventures (Descent into Avernus),17/09/2019,17.0,11.0,16.0,12.0,15.0,16.0,0,0,humanoid,Evil,Adventures
iron-golem,https://www.aidedd.org/dnd/monstres.php?vo=iron-golem,16.0,construct,Large,20,210,unaligned,0,Monster Manual (SRD),12/01/2016,24.0,9.0,20.0,3.0,11.0,1.0,0,0,construct,Unaligned,Monster Manual (SRD)
jackal,https://www.aidedd.org/dnd/monstres.php?vo=jackal,0.0,beast,Small,12,3,unaligned,0,Monster Manual (SRD),12/01/2016,8.0,15.0,11.0,3.0,12.0,6.0,0,0,beast,Unaligned,Monster Manual (SRD)
jackalwere,https://www.aidedd.org/dnd/monstres.php?vo=jackalwere,0.5,humanoid (shapechanger),Medium,12,18,chaotic evil,0,Monster Manual (BR),03/07/2014,11.0,15.0,11.0,13.0,11.0,10.0,0,0,humanoid,Evil,Monster Manual (BR)
jaculi,,0.5,beast,Large,14,16,unaligned,0,Adventures (Tomb of Annihilation),19/09/2017,15.0,14.0,11.0,2.0,8.0,3.0,0,0,beast,Unaligned,Adventures
jarlaxle-baenre,,15.0,humanoid (elf),Medium,24,123,chaotic neutral,0,Adventures (Dragon Heist),18/09/2018,12.0,22.0,14.0,20.0,16.0,19.0,0,0,humanoid,Neutral,Adventures
juiblex,,23.0,fiend (demon),Huge,18,350,chaotic evil,0,Mordenkainen's Tome of Foes,29/05/2018,24.0,10.0,23.0,20.0,20.0,16.0,0,0,fiend,Evil,Mordenkainen's Tome of Foes
kamadan,,4.0,monstrosity,Large,13,67,unaligned,0,Adventures (Tomb of Annihilation),19/09/2017,16.0,16.0,14.0,3.0,14.0,10.0,0,0,monstrosity,Unaligned,Adventures
kenku,https://www.aidedd.org/dnd/monstres.php?vo=kenku,0.25,humanoid (kenku),Medium,13,13,chaotic neutral,0,Monster Manual (BR),03/07/2014,10.0,16.0,10.0,11.0,10.0,10.0,0,0,humanoid,Neutral,Monster Manual (BR)
ki-rin,,12.0,celestial,Huge,20,152,lawful good,1,Volo's Guide to Monsters,15/11/2016,21.0,16.0,16.0,19.0,20.0,20.0,1,0,celestial,Good,Volo's Guide to Monsters
killer-whale,https://www.aidedd.org/dnd/monstres.php?vo=killer-whale,3.0,beast,Huge,12,90,unaligned,0,Monster Manual (SRD),12/01/2016,19.0,10.0,13.0,3.0,12.0,7.0,0,1,beast,Unaligned,Monster Manual (SRD)
knight,https://www.aidedd.org/dnd/monstres.php?vo=knight,3.0,humanoid (any race),Medium,18,52,any alignment,0,Monster Manual (SRD),12/01/2016,16.0,11.0,14.0,11.0,11.0,15.0,0,0,humanoid,Neutral,Monster Manual (SRD)
kobold,https://www.aidedd.org/dnd/monstres.php?vo=kobold,0.125,humanoid (kobold),Small,12,5,lawful evil,0,Monster Manual (SRD),12/01/2016,7.0,15.0,9.0,8.0,7.0,8.0,0,0,humanoid,Evil,Monster Manual (SRD)
kobold-dragonshield,,1.0,humanoid (kobold),Small,15,44,lawful evil,0,Volo's Guide to Monsters,15/11/2016,12.0,15.0,14.0,8.0,9.0,10.0,0,0,humanoid,Evil,Volo's Guide to Monsters
kobold-inventor,https://www.aidedd.org/dnd/monstres.php?vo=kobold-inventor,0.25,humanoid (kobold),Small,12,13,lawful evil,0,Volo's Guide to Monsters,15/11/2016,7.0,15.0,12.0,8.0,7.0,8.0,0,0,humanoid,Evil,Volo's Guide to Monsters
kobold-scale-sorcerer,,1.0,humanoid (kobold),Small,15,27,lawful evil,0,Volo's Guide to Monsters,15/11/2016,7.0,15.0,14.0,10.0,9.0,14.0,0,0,humanoid,Evil,Volo's Guide to Monsters
korred,,7.0,fey,Small,17,102,chaotic neutral,0,Volo's Guide to Monsters,15/11/2016,23.0,14.0,20.0,10.0,15.0,9.0,0,0,fey,Neutral,Volo's Guide to Monsters
kraken,https://www.aidedd.org/dnd/monstres.php?vo=kraken,23.0,monstrosity (titan),Gargantuan,18,472,chaotic evil,1,Monster Manual (SRD),12/01/2016,30.0,11.0,25.0,22.0,18.0,20.0,0,1,monstrosity,Evil,Monster Manual (SRD)
kraken-priest,,5.0,humanoid (any race),Medium,10,75,any evil alignment,0,Volo's Guide to Monsters,15/11/2016,12.0,10.0,16.0,10.0,15.0,14.0,0,1,humanoid,Evil,Volo's Guide to Monsters
kruthik-hive-lord,,5.0,monstrosity,Large,20,102,unaligned,0,Mordenkainen's Tome of Foes,29/05/2018,19.0,16.0,17.0,10.0,14.0,10.0,0,0,monstrosity,Unaligned,Mordenkainen's Tome of Foes
kuo-toa,https://www.aidedd.org/dnd/monstres.php?vo=kuo-toa,0.25,humanoid (kuo-toa),Medium,13,18,neutral evil,0,Monster Manual (BR),03/07/2014,13.0,10.0,11.0,11.0,10.0,8.0,0,1,humanoid,Evil,Monster Manual (BR)
kuo-toa-archpriest,https://www.aidedd.org/dnd/monstres.php?vo=kuo-toa-archpriest,6.0,humanoid (kuo-toa),Medium,13,97,neutral evil,0,Monster Manual (BR),03/07/2014,16.0,14.0,16.0,13.0,16.0,14.0,0,1,humanoid,Evil,Monster Manual (BR)
kuo-toa-whip,https://www.aidedd.org/dnd/monstres.php?vo=kuo-toa-whip,1.0,humanoid (kuo-toa),Medium,11,65,neutral evil,0,Monster Manual (BR),03/07/2014,14.0,10.0,14.0,12.0,14.0,11.0,0,1,humanoid,Evil,Monster Manual (BR)
laeral-silverhand,https://www.aidedd.org/dnd/monstres.php?vo=laeral-silverhand,17.0,humanoid (human),Medium,18,228,chaotic good,0,Adventures (Dragon Heist),18/09/2018,13.0,17.0,20.0,20.0,20.0,19.0,0,0,humanoid,Good,Adventures
lamia,https://www.aidedd.org/dnd/monstres.php?vo=lamia,4.0,monstrosity,Large,13,97,chaotic evil,0,Monster Manual (SRD),12/01/2016,16.0,13.0,15.0,14.0,15.0,16.0,0,0,monstrosity,Evil,Monster Manual (SRD)
lemure,https://www.aidedd.org/dnd/monstres.php?vo=lemure,0.0,fiend (devil),Medium,7,13,lawful evil,0,Monster Manual (SRD),12/01/2016,10.0,5.0,11.0,1.0,11.0,3.0,0,0,fiend,Evil,Monster Manual (SRD)
leucrotta,,3.0,monstrosity,Large,14,67,chaotic evil,0,Volo's Guide to Monsters,15/11/2016,18.0,14.0,15.0,9.0,12.0,6.0,0,0,monstrosity,Evil,Volo's Guide to Monsters
leviathan,,20.0,elemental,Gargantuan,17,328,neutral,0,Mordenkainen's Tome of Foes,29/05/2018,30.0,24.0,30.0,2.0,18.0,17.0,0,1,elemental,Neutral,Mordenkainen's Tome of Foes
lich,https://www.aidedd.org/dnd/monstres.php?vo=lich,21.0,undead,Medium,17,135,any evil alignment,1,Monster Manual (SRD),12/01/2016,11.0,16.0,16.0,20.0,14.0,16.0,0,0,undead,Evil,Monster Manual (SRD)
lion,https://www.aidedd.org/dnd/monstres.php?vo=lion,1.0,beast,Large,12,26,unaligned,0,Monster Manual (SRD),12/01/2016,17.0,15.0,13.0,3.0,12.0,8.0,0,0,beast,Unaligned,Monster Manual (SRD)
lizard,https://www.aidedd.org/dnd/monstres.php?vo=lizard,0.0,beast,Tiny,10,2,unaligned,0,Monster Manual (SRD),12/01/2016,2.0,11.0,10.0,1.0,8.0,3.0,0,0,beast,Unaligned,Monster Manual (SRD)
lizard-king-queen,https://www.aidedd.org/dnd/monstres.php?vo=lizard-king-queen,4.0,humanoid (lizardfolk),Medium,15,78,chaotic evil,0,Monster Manual (BR),03/07/2014,17.0,12.0,15.0,11.0,11.0,15.0,0,1,humanoid,Evil,Monster Manual (BR)
lizardfolk,https://www.aidedd.org/dnd/monstres.php?vo=lizardfolk,0.5,humanoid (lizardfolk),Medium,15,22,neutral,0,Monster Manual (SRD),12/01/2016,15.0,10.0,13.0,7.0,12.0,7.0,0,1,humanoid,Neutral,Monster Manual (SRD)
lizardfolk-shaman,https://www.aidedd.org/dnd/monstres.php?vo=lizardfolk-shaman,2.0,humanoid (lizardfolk),Medium,13,27,neutral,0,Monster Manual (BR),03/07/2014,15.0,10.0,13.0,10.0,15.0,8.0,0,1,humanoid,Neutral,Monster Manual (BR)
mage,https://www.aidedd.org/dnd/monstres.php?vo=mage,6.0,humanoid (any race),Medium,12,40,any alignment,0,Monster Manual (SRD),12/01/2016,9.0,14.0,11.0,17.0,12.0,11.0,0,0,humanoid,Neutral,Monster Manual (SRD)
magma-mephit,https://www.aidedd.org/dnd/monstres.php?vo=magma-mephit,0.5,elemental,Small,11,22,neutral evil,0,Monster Manual (SRD),12/01/2016,8.0,12.0,12.0,7.0,10.0,10.0,1,0,elemental,Evil,Monster Manual (SRD)
magmin,https://www.aidedd.org/dnd/monstres.php?vo=magmin,0.5,elemental,Small,14,9,chaotic neutral,0,Monster Manual (SRD),12/01/2016,7.0,15.0,12.0,8.0,11.0,10.0,0,0,elemental,Neutral,Monster Manual (SRD)
male-steeder,,0.25,monstrosity,Medium,12,13,unaligned,0,Mordenkainen's Tome of Foes,29/05/2018,15.0,12.0,14.0,2.0,10.0,3.0,0,0,monstrosity,Unaligned,Mordenkainen's Tome of Foes
mammoth,https://www.aidedd.org/dnd/monstres.php?vo=mammoth,6.0,beast,Huge,13,126,unaligned,0,Monster Manual (SRD),12/01/2016,24.0,9.0,21.0,3.0,11.0,6.0,0,0,beast,Unaligned,Monster Manual (SRD)
manes,,0.125,fiend (demon),Small,9,9,chaotic evil,0,Monster Manual,30/09/2014,10.0,9.0,13.0,3.0,8.0,4.0,0,0,fiend,Evil,Monster Manual
manshoon,,13.0,humanoid (human),Medium,19,126,lawful evil,0,Adventures (Dragon Heist),18/09/2018,10.0,14.0,12.0,23.0,15.0,16.0,0,0,humanoid,Evil,Adventures
manticore,https://www.aidedd.org/dnd/monstres.php?vo=manticore,3.0,monstrosity,Large,14,68,lawful evil,0,Monster Manual (SRD),12/01/2016,17.0,16.0,17.0,7.0,12.0,8.0,1,0,monstrosity,Evil,Monster Manual (SRD)
mantrap,,1.0,plant,Large,12,45,unaligned,0,Adventures (Tomb of Annihilation),19/09/2017,15.0,14.0,12.0,1.0,10.0,2.0,0,0,plant,Unaligned,Adventures
marid,,11.0,elemental,Large,17,229,chaotic neutral,0,Monster Manual,30/09/2014,22.0,12.0,26.0,18.0,17.0,18.0,1,1,elemental,Neutral,Monster Manual
marilith,https://www.aidedd.org/dnd/monstres.php?vo=marilith,16.0,fiend (demon),Large,18,189,chaotic evil,0,Monster Manual (SRD),12/01/2016,18.0,20.0,20.0,18.0,16.0,20.0,0,0,fiend,Evil,Monster Manual (SRD)
martial-arts-adept,,3.0,humanoid (any race),Medium,16,60,any alignment,0,Volo's Guide to Monsters,15/11/2016,11.0,17.0,13.0,11.0,16.0,10.0,0,0,humanoid,Neutral,Volo's Guide to Monsters
marut,,25.0,construct (inevitable),Large,22,432,lawful neutral,0,Mordenkainen's Tome of Foes,29/05/2018,28.0,12.0,26.0,19.0,15.0,18.0,1,0,construct,Neutral,Mordenkainen's Tome of Foes
master-of-souls,,4.0,humanoid (human),Medium,12,45,neutral evil,0,Adventures (Descent into Avernus),17/09/2019,10.0,14.0,17.0,19.0,14.0,13.0,0,0,humanoid,Evil,Adventures
master-thief,,5.0,humanoid (any race),Medium,16,84,any alignment,0,Volo's Guide to Monsters,15/11/2016,11.0,18.0,14.0,11.0,11.0,12.0,0,0,humanoid,Neutral,Volo's Guide to Monsters
mastiff,https://www.aidedd.org/dnd/monstres.php?vo=mastiff,0.125,beast,Medium,12,5,unaligned,0,Monster Manual (SRD),12/01/2016,13.0,14.0,12.0,3.0,12.0,7.0,0,0,beast,Unaligned,Monster Manual (SRD)
maurezhi,,7.0,fiend (demon),Medium,15,88,chaotic evil,0,Mordenkainen's Tome of Foes,29/05/2018,14.0,17.0,12.0,11.0,12.0,15.0,0,0,fiend,Evil,Mordenkainen's Tome of Foes
maw-demon,,1.0,fiend (demon),Medium,13,33,chaotic evil,0,Volo's Guide to Monsters,15/11/2016,14.0,8.0,13.0,5.0,8.0,5.0,0,0,fiend,Evil,Volo's Guide to Monsters
meazel,,1.0,humanoid (meazel),Medium,13,35,neutral evil,0,Mordenkainen's Tome of Foes,29/05/2018,8.0,17.0,9.0,14.0,13.0,10.0,0,0,humanoid,Evil,Mordenkainen's Tome of Foes
medusa,https://www.aidedd.org/dnd/monstres.php?vo=medusa,6.0,monstrosity,Medium,15,127,lawful evil,0,Monster Manual (SRD),12/01/2016,10.0,15.0,16.0,12.0,13.0,15.0,0,0,monstrosity,Evil,Monster Manual (SRD)
meenlock,,2.0,fey,Small,15,31,neutral evil,0,Volo's Guide to Monsters,15/11/2016,7.0,15.0,12.0,11.0,10.0,8.0,0,0,fey,Evil,Volo's Guide to Monsters
merfolk,https://www.aidedd.org/dnd/monstres.php?vo=merfolk,0.125,humanoid (merfolk),Medium,11,11,neutral,0,Monster Manual (SRD),12/01/2016,10.0,13.0,12.0,11.0,11.0,12.0,0,1,humanoid,Neutral,Monster Manual (SRD)
merregon,,4.0,fiend (devil),Medium,16,45,lawful evil,0,Mordenkainen's Tome of Foes,29/05/2018,18.0,14.0,17.0,6.0,12.0,8.0,0,0,fiend,Evil,Mordenkainen's Tome of Foes
merrenoloth,,3.0,fiend (yugoloth),Medium,13,40,neutral evil,0,Mordenkainen's Tome of Foes,29/05/2018,8.0,17.0,10.0,17.0,14.0,11.0,0,1,fiend,Evil,Mordenkainen's Tome of Foes
merrow,https://www.aidedd.org/dnd/monstres.php?vo=merrow,2.0,monstrosity,Large,13,45,chaotic evil,0,Monster Manual (SRD),12/01/2016,18.0,10.0,15.0,8.0,10.0,9.0,0,1,monstrosity,Evil,Monster Manual (SRD)
mezzoloth,https://www.aidedd.org/dnd/monstres.php?vo=mezzoloth,5.0,fiend (yugoloth),Medium,18,75,neutral evil,0,Monster Manual (BR),03/07/2014,18.0,11.0,16.0,7.0,10.0,11.0,0,0,fiend,Evil,Monster Manual (BR)
mimic,https://www.aidedd.org/dnd/monstres.php?vo=mimic,2.0,monstrosity (shapechanger),Medium,12,58,neutral,0,Monster Manual (SRD),12/01/2016,17.0,12.0,15.0,5.0,13.0,8.0,0,0,monstrosity,Neutral,Monster Manual (SRD)
mind-flayer,,7.0,aberration,Medium,15,71,lawful evil,0,Monster Manual,30/09/2014,11.0,12.0,12.0,19.0,17.0,17.0,0,0,aberration,Evil,Monster Manual
mindwitness,https://www.aidedd.org/dnd/monstres.php?vo=mindwitness,5.0,aberration,Large,15,75,lawful evil,0,Volo's Guide to Monsters,15/11/2016,10.0,14.0,14.0,15.0,15.0,10.0,1,0,aberration,Evil,Volo's Guide to Monsters
minotaur,https://www.aidedd.org/dnd/monstres.php?vo=minotaur,3.0,monstrosity,Large,14,76,chaotic evil,0,Monster Manual (SRD),12/01/2016,18.0,11.0,16.0,6.0,16.0,9.0,0,0,monstrosity,Evil,Monster Manual (SRD)
minotaur-skeleton,https://www.aidedd.org/dnd/monstres.php?vo=minotaur-skeleton,2.0,undead,Large,12,67,lawful evil,0,Monster Manual (SRD),12/01/2016,18.0,11.0,15.0,6.0,8.0,5.0,0,0,undead,Evil,Monster Manual (SRD)
moloch,https://www.aidedd.org/dnd/monstres.php?vo=moloch,21.0,fiend (devil),Large,19,253,lawful evil,1,Mordenkainen's Tome of Foes,29/05/2018,26.0,19.0,22.0,21.0,18.0,23.0,0,0,fiend,Evil,Mordenkainen's Tome of Foes
molydeus,,21.0,fiend (demon),Huge,19,216,chaotic evil,0,Mordenkainen's Tome of Foes,29/05/2018,28.0,22.0,25.0,21.0,24.0,24.0,0,0,fiend,Evil,Mordenkainen's Tome of Foes
monodrone,,0.125,construct,Medium,15,5,lawful neutral,0,Monster Manual,30/09/2014,10.0,13.0,12.0,4.0,10.0,5.0,1,0,construct,Neutral,Monster Manual
morkoth,,11.0,aberration,Medium,17,130,chaotic evil,0,Volo's Guide to Monsters,15/11/2016,14.0,14.0,14.0,20.0,15.0,13.0,0,1,aberration,Evil,Volo's Guide to Monsters
mouth-of-grolantor,,6.0,giant (hill giant),Huge,14,105,chaotic evil,0,Volo's Guide to Monsters,15/11/2016,21.0,10.0,18.0,5.0,7.0,5.0,0,0,giant,Evil,Volo's Guide to Monsters
mud-mephit,https://www.aidedd.org/dnd/monstres.php?vo=mud-mephit,0.25,elemental,Small,11,27,neutral evil,0,Monster Manual (SRD),12/01/2016,8.0,12.0,12.0,9.0,11.0,7.0,1,1,elemental,Evil,Monster Manual (SRD)
mule,https://www.aidedd.org/dnd/monstres.php?vo=mule,0.125,beast,Medium,10,11,unaligned,0,Monster Manual (SRD),12/01/2016,14.0,10.0,13.0,2.0,10.0,5.0,0,0,beast,Unaligned,Monster Manual (SRD)
mummified-warrior,https://www.aidedd.org/dnd/monstres.php?vo=mummified-warrior,0.25,undead,Medium,8,19,neutral,0,Extra (AideDD),,13.0,6.0,14.0,8.0,6.0,8.0,0,0,undead,Neutral,Extra
mummy,https://www.aidedd.org/dnd/monstres.php?vo=mummy,3.0,undead,Medium,11,58,lawful evil,0,Monster Manual (SRD),12/01/2016,16.0,8.0,15.0,6.0,10.0,12.0,0,0,undead,Evil,Monster Manual (SRD)
mummy-lord,https://www.aidedd.org/dnd/monstres.php?vo=mummy-lord,15.0,undead,Medium,17,97,lawful evil,1,Monster Manual (SRD),12/01/2016,18.0,10.0,17.0,11.0,18.0,16.0,0,0,undead,Evil,Monster Manual (SRD)
myconid-adult,,0.5,plant,Medium,12,22,lawful neutral,0,Monster Manual,30/09/2014,10.0,10.0,12.0,10.0,13.0,7.0,0,0,plant,Neutral,Monster Manual
myconid-sovereign,,2.0,plant,Large,13,60,lawful neutral,0,Monster Manual,30/09/2014,12.0,10.0,14.0,13.0,15.0,10.0,0,0,plant,Neutral,Monster Manual
myconid-sprout,,0.0,plant,Small,10,7,lawful neutral,0,Monster Manual,30/09/2014,8.0,10.0,10.0,8.0,11.0,5.0,0,0,plant,Neutral,Monster Manual
nabassu,,15.0,fiend (demon),Medium,18,190,chaotic evil,0,Mordenkainen's Tome of Foes,29/05/2018,22.0,14.0,21.0,14.0,15.0,17.0,1,0,fiend,Evil,Mordenkainen's Tome of Foes
nagpa,,17.0,humanoid (nagpa),Medium,19,187,neutral evil,0,Mordenkainen's Tome of Foes,29/05/2018,9.0,15.0,12.0,23.0,18.0,21.0,0,0,humanoid,Evil,Mordenkainen's Tome of Foes
nalfeshnee,https://www.aidedd.org/dnd/monstres.php?vo=nalfeshnee,13.0,fiend (demon),Large,18,184,chaotic evil,0,Monster Manual (SRD),12/01/2016,21.0,10.0,22.0,19.0,12.0,15.0,1,0,fiend,Evil,Monster Manual (SRD)
narzugon,https://www.aidedd.org/dnd/monstres.php?vo=narzugon,13.0,fiend (devil),Medium,20,112,lawful evil,0,Mordenkainen's Tome of Foes,29/05/2018,20.0,10.0,17.0,16.0,14.0,19.0,0,0,fiend,Evil,Mordenkainen's Tome of Foes
necromancer,,9.0,humanoid (any race),Medium,12,66,any alignment,0,Volo's Guide to Monsters,15/11/2016,9.0,14.0,12.0,17.0,12.0,11.0,0,0,humanoid,Neutral,Volo's Guide to Monsters
necromite-of-myrkul,,0.5,humanoid (human),Medium,11,13,neutral evil,0,Adventures (Descent into Avernus),17/09/2019,10.0,13.0,15.0,16.0,11.0,10.0,0,0,humanoid,Evil,Adventures
needle-blight,,0.25,plant,Medium,12,11,neutral evil,0,Monster Manual,30/09/2014,12.0,12.0,13.0,4.0,8.0,3.0,0,0,plant,Evil,Monster Manual
neogi,,3.0,aberration,Small,15,33,lawful evil,0,Volo's Guide to Monsters,15/11/2016,6.0,16.0,14.0,13.0,12.0,15.0,0,0,aberration,Evil,Volo's Guide to Monsters
neogi-hatchling,,0.125,aberration,Tiny,11,7,lawful evil,0,Volo's Guide to Monsters,15/11/2016,3.0,13.0,10.0,6.0,10.0,9.0,0,0,aberration,Evil,Volo's Guide to Monsters
neogi-master,,4.0,aberration,Medium,15,71,lawful evil,0,Volo's Guide to Monsters,15/11/2016,6.0,16.0,14.0,16.0,12.0,18.0,0,0,aberration,Evil,Volo's Guide to Monsters
neothelid,,13.0,aberration,Gargantuan,16,325,chaotic evil,0,Volo's Guide to Monsters,15/11/2016,27.0,7.0,21.0,3.0,16.0,12.0,0,0,aberration,Evil,Volo's Guide to Monsters
night-blade,,0.25,humanoid (human),Medium,12,11,chaotic evil,0,Adventures (Descent into Avernus),17/09/2019,11.0,15.0,12.0,10.0,11.0,14.0,0,0,humanoid,Evil,Adventures
night-hag,https://www.aidedd.org/dnd/monstres.php?vo=night-hag,5.0,fiend,Medium,17,112,neutral evil,0,Monster Manual (SRD),12/01/2016,18.0,15.0,16.0,16.0,14.0,16.0,0,0,fiend,Evil,Monster Manual (SRD)
nightmare,https://www.aidedd.org/dnd/monstres.php?vo=nightmare,3.0,fiend,Large,13,68,neutral evil,0,Monster Manual (SRD),12/01/2016,18.0,15.0,16.0,10.0,13.0,15.0,1,0,fiend,Evil,Monster Manual (SRD)
nightwalker,,20.0,undead,Huge,14,297,chaotic evil,0,Mordenkainen's Tome of Foes,29/05/2018,22.0,19.0,24.0,6.0,9.0,8.0,1,0,undead,Evil,Mordenkainen's Tome of Foes
nilbog,https://www.aidedd.org/dnd/monstres.php?vo=nilbog,1.0,humanoid (goblinoid),Small,13,7,chaotic evil,0,Volo's Guide to Monsters,15/11/2016,8.0,14.0,10.0,10.0,8.0,15.0,0,0,humanoid,Evil,Volo's Guide to Monsters
noble,https://www.aidedd.org/dnd/monstres.php?vo=noble,0.125,humanoid (any race),Medium,15,9,any alignment,0,Monster Manual (SRD),12/01/2016,11.0,12.0,11.0,12.0,14.0,16.0,0,0,humanoid,Neutral,Monster Manual (SRD)
nothic,https://www.aidedd.org/dnd/monstres.php?vo=nothic,2.0,aberration,Medium,15,45,neutral evil,0,Monster Manual,30/09/2014,14.0,16.0,16.0,13.0,10.0,8.0,0,0,aberration,Evil,Monster Manual
nupperibo,,0.5,fiend (devil),Medium,13,11,lawful evil,0,Mordenkainen's Tome of Foes,29/05/2018,16.0,11.0,13.0,3.0,8.0,1.0,0,0,fiend,Evil,Mordenkainen's Tome of Foes
nycaloth,https://www.aidedd.org/dnd/monstres.php?vo=nycaloth,9.0,fiend (yugoloth),Large,18,123,neutral evil,0,Monster Manual (BR),03/07/2014,20.0,11.0,19.0,12.0,10.0,15.0,1,0,fiend,Evil,Monster Manual (BR)
oblex-spawn,,0.25,ooze,Tiny,13,18,lawful evil,0,Mordenkainen's Tome of Foes,29/05/2018,8.0,16.0,15.0,14.0,11.0,10.0,0,0,ooze,Evil,Mordenkainen's Tome of Foes
ochre-jelly,https://www.aidedd.org/dnd/monstres.php?vo=ochre-jelly,2.0,ooze,Large,8,45,unaligned,0,Monster Manual (SRD),12/01/2016,15.0,6.0,14.0,2.0,6.0,1.0,0,0,ooze,Unaligned,Monster Manual (SRD)
octopus,https://www.aidedd.org/dnd/monstres.php?vo=octopus,0.0,beast,Small,12,3,unaligned,0,Monster Manual (SRD),12/01/2016,4.0,15.0,11.0,3.0,10.0,4.0,0,1,beast,Unaligned,Monster Manual (SRD)
ogre,https://www.aidedd.org/dnd/monstres.php?vo=ogre,2.0,giant,Large,11,59,chaotic evil,0,Monster Manual (SRD),12/01/2016,19.0,8.0,16.0,5.0,7.0,7.0,0,0,giant,Evil,Monster Manual (SRD)
ogre-battering-ram,,4.0,giant,Large,14,59,chaotic evil,0,Mordenkainen's Tome of Foes,29/05/2018,19.0,8.0,16.0,5.0,7.0,7.0,0,0,giant,Evil,Mordenkainen's Tome of Foes
ogre-bolt-launcher,,2.0,giant,Large,13,59,chaotic evil,0,Mordenkainen's Tome of Foes,29/05/2018,19.0,12.0,16.0,5.0,7.0,7.0,0,0,giant,Evil,Mordenkainen's Tome of Foes
ogre-chain-brute,,3.0,giant,Large,11,59,chaotic evil,0,Mordenkainen's Tome of Foes,29/05/2018,19.0,8.0,16.0,5.0,7.0,7.0,0,0,giant,Evil,Mordenkainen's Tome of Foes
ogre-howdah,,2.0,giant,Large,13,59,chaotic evil,0,Mordenkainen's Tome of Foes,29/05/2018,19.0,8.0,16.0,5.0,7.0,7.0,0,0,giant,Evil,Mordenkainen's Tome of Foes
ogre-zombie,https://www.aidedd.org/dnd/monstres.php?vo=ogre-zombie,2.0,undead,Large,8,85,neutral evil,0,Monster Manual (SRD),12/01/2016,19.0,6.0,18.0,3.0,6.0,5.0,0,0,undead,Evil,Monster Manual (SRD)
ogremoch,,20.0,elemental,Gargantuan,20,526,neutral evil,0,Adventures (Princes of the Apocalypse),07/04/2015,26.0,11.0,28.0,11.0,15.0,22.0,0,0,elemental,Evil,Adventures
oinoloth,,12.0,fiend (yugoloth),Medium,17,126,neutral evil,0,Mordenkainen's Tome of Foes,29/05/2018,19.0,17.0,18.0,17.0,16.0,19.0,0,0,fiend,Evil,Mordenkainen's Tome of Foes
olhydra,,18.0,elemental,Huge,18,324,neutral evil,0,Adventures (Princes of the Apocalypse),07/04/2015,21.0,22.0,24.0,17.0,18.0,23.0,0,1,elemental,Evil,Adventures
oni,https://www.aidedd.org/dnd/monstres.php?vo=oni,7.0,giant,Large,16,110,lawful evil,0,Monster Manual (SRD),12/01/2016,19.0,11.0,16.0,14.0,12.0,15.0,1,0,giant,Evil,Monster Manual (SRD)
orc,https://www.aidedd.org/dnd/monstres.php?vo=orc,0.5,humanoid (orc),Medium,13,15,chaotic evil,0,Monster Manual (SRD),12/01/2016,16.0,12.0,16.0,7.0,11.0,10.0,0,0,humanoid,Evil,Monster Manual (SRD)
orc-blade-of-ilneval,,4.0,humanoid (orc),Medium,18,60,chaotic evil,0,Volo's Guide to Monsters,15/11/2016,17.0,11.0,17.0,10.0,12.0,14.0,0,0,humanoid,Evil,Volo's Guide to Monsters
orc-claw-of-luthic,,2.0,humanoid (orc),Medium,14,45,chaotic evil,0,Volo's Guide to Monsters,15/11/2016,14.0,15.0,16.0,10.0,15.0,11.0,0,0,humanoid,Evil,Volo's Guide to Monsters
orc-eye-of-gruumsh,https://www.aidedd.org/dnd/monstres.php?vo=orc-eye-of-gruumsh,2.0,humanoid (orc),Medium,16,45,chaotic evil,0,Monster Manual (BR),03/07/2014,16.0,12.0,16.0,9.0,13.0,12.0,0,0,humanoid,Evil,Monster Manual (BR)
orc-hand-of-yurtrus,,2.0,humanoid (orc),Medium,12,30,chaotic evil,0,Volo's Guide to Monsters,15/11/2016,12.0,11.0,16.0,11.0,14.0,9.0,0,0,humanoid,Evil,Volo's Guide to Monsters
orc-red-fang-of-shargaas,,3.0,humanoid (orc),Medium,15,52,chaotic evil,0,Volo's Guide to Monsters,15/11/2016,11.0,16.0,15.0,9.0,11.0,9.0,0,0,humanoid,Evil,Volo's Guide to Monsters
orc-war-chief,,4.0,humanoid (orc),Medium,16,93,chaotic evil,0,Monster Manual,30/09/2014,18.0,12.0,18.0,11.0,11.0,16.0,0,0,humanoid,Evil,Monster Manual
orcus,https://www.aidedd.org/dnd/monstres.php?vo=orcus,26.0,fiend (demon),Huge,17,405,chaotic evil,1,Mordenkainen's Tome of Foes,29/05/2018,27.0,14.0,25.0,20.0,20.0,25.0,1,0,fiend,Evil,Mordenkainen's Tome of Foes
orog,https://www.aidedd.org/dnd/monstres.php?vo=orog,2.0,humanoid (orc),Medium,18,42,chaotic evil,0,Monster Manual (BR),03/07/2014,18.0,12.0,18.0,12.0,11.0,12.0,0,0,humanoid,Evil,Monster Manual (BR)
orthon,,10.0,fiend (devil),Large,17,105,lawful evil,0,Mordenkainen's Tome of Foes,29/05/2018,22.0,16.0,21.0,15.0,15.0,16.0,0,0,fiend,Evil,Mordenkainen's Tome of Foes
otyugh,https://www.aidedd.org/dnd/monstres.php?vo=otyugh,5.0,aberration,Large,14,114,neutral,0,Monster Manual (SRD),12/01/2016,16.0,11.0,19.0,6.0,13.0,6.0,0,0,aberration,Neutral,Monster Manual (SRD)
owl,https://www.aidedd.org/dnd/monstres.php?vo=owl,0.0,beast,Tiny,11,1,unaligned,0,Monster Manual (SRD),12/01/2016,3.0,13.0,8.0,2.0,12.0,7.0,1,0,beast,Unaligned,Monster Manual (SRD)
owlbear,https://www.aidedd.org/dnd/monstres.php?vo=owlbear,3.0,monstrosity,Large,13,59,unaligned,0,Monster Manual (SRD),12/01/2016,20.0,12.0,17.0,3.0,12.0,7.0,0,0,monstrosity,Unaligned,Monster Manual (SRD)
panther,https://www.aidedd.org/dnd/monstres.php?vo=panther,0.25,beast,Medium,12,13,unaligned,0,Monster Manual (SRD),12/01/2016,14.0,15.0,10.0,3.0,14.0,7.0,0,0,beast,Unaligned,Monster Manual (SRD)
pegasus,https://www.aidedd.org/dnd/monstres.php?vo=pegasus,2.0,celestial,Large,12,59,chaotic good,0,Monster Manual (SRD),12/01/2016,18.0,15.0,16.0,10.0,15.0,13.0,1,0,celestial,Good,Monster Manual (SRD)
pentadrone,,2.0,construct,Large,16,32,lawful neutral,0,Monster Manual,30/09/2014,15.0,14.0,12.0,10.0,10.0,13.0,0,0,construct,Neutral,Monster Manual
peryton,https://www.aidedd.org/dnd/monstres.php?vo=peryton,2.0,monstrosity,Medium,13,33,chaotic evil,0,Monster Manual (BR),03/07/2014,16.0,12.0,13.0,9.0,12.0,10.0,1,0,monstrosity,Evil,Monster Manual (BR)
phase-spider,https://www.aidedd.org/dnd/monstres.php?vo=phase-spider,3.0,monstrosity,Large,13,32,unaligned,0,Monster Manual (SRD),12/01/2016,15.0,15.0,12.0,6.0,10.0,6.0,0,0,monstrosity,Unaligned,Monster Manual (SRD)
phoenix,,16.0,elemental,Gargantuan,18,175,neutral,0,Mordenkainen's Tome of Foes,29/05/2018,19.0,26.0,25.0,2.0,21.0,18.0,1,0,elemental,Neutral,Mordenkainen's Tome of Foes
piercer,https://www.aidedd.org/dnd/monstres.php?vo=piercer,0.5,monstrosity,Medium,15,22,unaligned,0,Monster Manual (BR),03/07/2014,10.0,13.0,16.0,1.0,7.0,3.0,0,0,monstrosity,Unaligned,Monster Manual (BR)
pit-fiend,https://www.aidedd.org/dnd/monstres.php?vo=pit-fiend,20.0,fiend (devil),Large,19,300,lawful evil,0,Monster Manual (SRD),12/01/2016,26.0,14.0,24.0,22.0,18.0,24.0,1,0,fiend,Evil,Monster Manual (SRD)
pixie,,0.25,fey,Tiny,15,1,neutral good,0,Monster Manual,30/09/2014,2.0,20.0,8.0,10.0,14.0,15.0,1,0,fey,Good,Monster Manual
planetar,https://www.aidedd.org/dnd/monstres.php?vo=planetar,16.0,celestial,Large,19,200,lawful good,0,Monster Manual (SRD),12/01/2016,24.0,20.0,24.0,19.0,22.0,25.0,1,0,celestial,Good,Monster Manual (SRD)
plesiosaurus,https://www.aidedd.org/dnd/monstres.php?vo=plesiosaurus,2.0,beast,Large,13,68,unaligned,0,Monster Manual (SRD),12/01/2016,18.0,15.0,16.0,2.0,12.0,5.0,0,1,beast,Unaligned,Monster Manual (SRD)
poisonous-snake,https://www.aidedd.org/dnd/monstres.php?vo=poisonous-snake,0.125,beast,Tiny,13,2,unaligned,0,Monster Manual (SRD),12/01/2016,2.0,16.0,11.0,1.0,10.0,3.0,0,1,beast,Unaligned,Monster Manual (SRD)
polar-bear,https://www.aidedd.org/dnd/monstres.php?vo=polar-bear,2.0,beast,Large,12,42,unaligned,0,Monster Manual (SRD),12/01/2016,20.0,10.0,16.0,2.0,13.0,7.0,0,1,beast,Unaligned,Monster Manual (SRD)
pony,https://www.aidedd.org/dnd/monstres.php?vo=pony,0.125,beast,Medium,10,11,unaligned,0,Monster Manual (SRD),12/01/2016,15.0,10.0,13.0,2.0,11.0,7.0,0,0,beast,Unaligned,Monster Manual (SRD)
priest,https://www.aidedd.org/dnd/monstres.php?vo=priest,2.0,humanoid (any race),Medium,13,27,any alignment,0,Monster Manual (SRD),12/01/2016,10.0,10.0,12.0,13.0,16.0,13.0,0,0,humanoid,Neutral,Monster Manual (SRD)
pseudodragon,https://www.aidedd.org/dnd/monstres.php?vo=pseudodragon,0.25,dragon,Tiny,13,7,neutral good,0,Monster Manual (SRD),12/01/2016,6.0,15.0,13.0,10.0,12.0,10.0,1,0,dragon,Good,Monster Manual (SRD)
pterafolk,,1.0,monstrosity,Large,12,26,neutral evil,0,Adventures (Tomb of Annihilation),19/09/2017,15.0,13.0,12.0,9.0,10.0,11.0,1,0,monstrosity,Evil,Adventures
pteranodon,https://www.aidedd.org/dnd/monstres.php?vo=pteranodon,0.25,beast,Medium,13,13,unaligned,0,Monster Manual (SRD),12/01/2016,12.0,15.0,10.0,2.0,9.0,5.0,1,0,beast,Unaligned,Monster Manual (SRD)
purple-worm,https://www.aidedd.org/dnd/monstres.php?vo=purple-worm,15.0,monstrosity,Gargantuan,18,247,unaligned,0,Monster Manual (SRD),12/01/2016,28.0,7.0,22.0,1.0,8.0,4.0,0,0,monstrosity,Unaligned,Monster Manual (SRD)
purple-wormling,,2.0,monstrosity,Large,12,42,unaligned,0,Adventures (Storm King's Thunder),06/09/2016,16.0,7.0,16.0,1.0,6.0,2.0,0,0,monstrosity,Unaligned,Adventures
quadrone,,1.0,construct,Medium,16,22,lawful neutral,0,Monster Manual,30/09/2014,12.0,14.0,12.0,10.0,10.0,11.0,1,0,construct,Neutral,Monster Manual
quaggoth,,2.0,humanoid (quaggoth),Medium,13,45,chaotic neutral,0,Monster Manual,30/09/2014,17.0,12.0,16.0,6.0,12.0,7.0,0,0,humanoid,Neutral,Monster Manual
quaggoth-spore-servant,,1.0,plant,Medium,13,45,unaligned,0,Monster Manual,30/09/2014,17.0,12.0,16.0,2.0,6.0,1.0,0,0,plant,Unaligned,Monster Manual
quasit,https://www.aidedd.org/dnd/monstres.php?vo=quasit,1.0,"fiend (demon, shapechanger)",Tiny,13,7,chaotic evil,0,Monster Manual (SRD),12/01/2016,5.0,17.0,10.0,7.0,10.0,10.0,0,0,fiend,Evil,Monster Manual (SRD)
quetzalcoatlus,https://www.aidedd.org/dnd/monstres.php?vo=quetzalcoatlus,2.0,beast,Huge,13,30,unaligned,0,Volo's Guide to Monsters,15/11/2016,15.0,13.0,13.0,2.0,10.0,5.0,1,0,beast,Unaligned,Volo's Guide to Monsters
quickling,,1.0,fey,Tiny,16,10,chaotic evil,0,Volo's Guide to Monsters,15/11/2016,4.0,23.0,13.0,10.0,12.0,7.0,0,0,fey,Evil,Volo's Guide to Monsters
quipper,https://www.aidedd.org/dnd/monstres.php?vo=quipper,0.0,beast,Tiny,13,1,unaligned,0,Monster Manual (SRD),12/01/2016,2.0,16.0,9.0,1.0,7.0,2.0,0,1,beast,Unaligned,Monster Manual (SRD)
rakshasa,https://www.aidedd.org/dnd/monstres.php?vo=rakshasa,13.0,fiend,Medium,16,110,lawful evil,0,Monster Manual (SRD),12/01/2016,14.0,17.0,18.0,13.0,16.0,20.0,0,0,fiend,Evil,Monster Manual (SRD)
rat,https://www.aidedd.org/dnd/monstres.php?vo=rat,0.0,beast,Tiny,10,1,unaligned,0,Monster Manual (SRD),12/01/2016,2.0,11.0,9.0,2.0,10.0,4.0,0,0,beast,Unaligned,Monster Manual (SRD)
raven,https://www.aidedd.org/dnd/monstres.php?vo=raven,0.0,beast,Tiny,12,1,unaligned,0,Monster Manual (SRD),12/01/2016,2.0,14.0,8.0,2.0,12.0,6.0,1,0,beast,Unaligned,Monster Manual (SRD)
reaper-of-bhaal,,2.0,humanoid (human),Medium,15,27,chaotic evil,0,Adventures (Descent into Avernus),17/09/2019,11.0,20.0,13.0,15.0,12.0,16.0,0,0,humanoid,Evil,Adventures
red-abishai,,19.0,fiend (devil),Medium,22,255,lawful evil,0,Mordenkainen's Tome of Foes,29/05/2018,23.0,16.0,19.0,14.0,15.0,19.0,1,0,fiend,Evil,Mordenkainen's Tome of Foes
red-dragon-wyrmling,https://www.aidedd.org/dnd/monstres.php?vo=red-dragon-wyrmling,4.0,dragon,Medium,17,75,chaotic evil,0,Monster Manual (SRD),12/01/2016,19.0,10.0,17.0,12.0,11.0,15.0,1,0,dragon,Evil,Monster Manual (SRD)
red-slaad,,5.0,aberration,Large,14,93,chaotic neutral,0,Monster Manual,30/09/2014,16.0,12.0,16.0,6.0,6.0,7.0,0,0,aberration,Neutral,Monster Manual
redcap,,3.0,fey,Small,13,45,chaotic evil,0,Volo's Guide to Monsters,15/11/2016,18.0,13.0,18.0,10.0,12.0,9.0,0,0,fey,Evil,Volo's Guide to Monsters
reef-manta-ray,https://www.aidedd.org/dnd/monstres.php?vo=reef-manta-ray,0.5,beast,Large,12,16,unaligned,0,Extra (AideDD),,13.0,12.0,12.0,1.0,12.0,4.0,0,1,beast,Unaligned,Extra
reef-shark,https://www.aidedd.org/dnd/monstres.php?vo=reef-shark,0.5,beast,Medium,12,22,unaligned,0,Monster Manual (SRD),12/01/2016,14.0,13.0,13.0,1.0,10.0,4.0,0,1,beast,Unaligned,Monster Manual (SRD)
remorhaz,https://www.aidedd.org/dnd/monstres.php?vo=remorhaz,11.0,monstrosity,Huge,17,195,unaligned,0,Monster Manual (SRD),12/01/2016,24.0,13.0,21.0,4.0,10.0,5.0,0,0,monstrosity,Unaligned,Monster Manual (SRD)
retriever,,14.0,construct,Large,19,210,lawful evil,0,Mordenkainen's Tome of Foes,29/05/2018,22.0,16.0,20.0,3.0,11.0,4.0,0,0,construct,Evil,Mordenkainen's Tome of Foes
revenant,https://www.aidedd.org/dnd/monstres.php?vo=revenant,5.0,undead,Medium,13,136,neutral,0,Monster Manual (BR),03/07/2014,18.0,14.0,18.0,13.0,16.0,18.0,0,0,undead,Neutral,Monster Manual (BR)
rhinoceros,https://www.aidedd.org/dnd/monstres.php?vo=rhinoceros,2.0,beast,Large,11,45,unaligned,0,Monster Manual (SRD),12/01/2016,21.0,8.0,15.0,2.0,12.0,6.0,0,0,beast,Unaligned,Monster Manual (SRD)
riding-horse,https://www.aidedd.org/dnd/monstres.php?vo=riding-horse,0.25,beast,Large,10,13,unaligned,0,Monster Manual (SRD),12/01/2016,16.0,10.0,12.0,2.0,11.0,7.0,0,0,beast,Unaligned,Monster Manual (SRD)
roc,https://www.aidedd.org/dnd/monstres.php?vo=roc,11.0,monstrosity,Gargantuan,15,248,unaligned,0,Monster Manual (SRD),12/01/2016,28.0,10.0,20.0,3.0,10.0,9.0,1,0,monstrosity,Unaligned,Monster Manual (SRD)
roper,https://www.aidedd.org/dnd/monstres.php?vo=roper,5.0,monstrosity,Large,20,93,neutral evil,0,Monster Manual (SRD),12/01/2016,18.0,8.0,17.0,7.0,16.0,6.0,0,0,monstrosity,Evil,Monster Manual (SRD)
rot-troll,,9.0,giant,Large,16,138,chaotic evil,0,Mordenkainen's Tome of Foes,29/05/2018,18.0,13.0,22.0,5.0,8.0,4.0,0,0,giant,Evil,Mordenkainen's Tome of Foes
rug-of-smothering,https://www.aidedd.org/dnd/monstres.php?vo=rug-of-smothering,2.0,construct,Large,12,33,unaligned,0,Monster Manual (SRD),12/01/2016,17.0,14.0,10.0,1.0,3.0,1.0,0,0,construct,Unaligned,Monster Manual (SRD)
rust-monster,https://www.aidedd.org/dnd/monstres.php?vo=rust-monster,0.5,monstrosity,Medium,14,27,unaligned,0,Monster Manual (SRD),12/01/2016,13.0,12.0,13.0,2.0,13.0,6.0,0,0,monstrosity,Unaligned,Monster Manual (SRD)
rutterkin,,2.0,fiend (demon),Medium,12,37,chaotic evil,0,Mordenkainen's Tome of Foes,29/05/2018,14.0,15.0,17.0,5.0,12.0,6.0,0,0,fiend,Evil,Mordenkainen's Tome of Foes
saber-toothed-tiger,https://www.aidedd.org/dnd/monstres.php?vo=saber-toothed-tiger,2.0,beast,Large,12,52,unaligned,0,Monster Manual (SRD),12/01/2016,18.0,14.0,15.0,3.0,12.0,8.0,0,0,beast,Unaligned,Monster Manual (SRD)
sahuagin,https://www.aidedd.org/dnd/monstres.php?vo=sahuagin,0.5,humanoid (sahuagin),Medium,12,22,lawful evil,0,Monster Manual (SRD),12/01/2016,13.0,11.0,12.0,12.0,13.0,9.0,0,1,humanoid,Evil,Monster Manual (SRD)
sahuagin-baron,,5.0,humanoid (sahuagin),Large,16,76,lawful evil,0,Monster Manual,30/09/2014,19.0,15.0,16.0,14.0,13.0,17.0,0,1,humanoid,Evil,Monster Manual
sahuagin-priestess,,2.0,humanoid (sahuagin),Medium,12,33,lawful evil,0,Monster Manual,30/09/2014,13.0,11.0,12.0,12.0,14.0,13.0,0,1,humanoid,Evil,Monster Manual
salamander,https://www.aidedd.org/dnd/monstres.php?vo=salamander,5.0,elemental,Large,15,90,neutral evil,0,Monster Manual (SRD),12/01/2016,18.0,14.0,15.0,11.0,10.0,12.0,0,0,elemental,Evil,Monster Manual (SRD)
satyr,https://www.aidedd.org/dnd/monstres.php?vo=satyr,0.5,fey,Medium,14,31,chaotic neutral,0,Monster Manual (SRD),12/01/2016,12.0,16.0,11.0,12.0,10.0,14.0,0,0,fey,Neutral,Monster Manual (SRD)
scarecrow,,1.0,construct,Medium,11,36,chaotic evil,0,Monster Manual,30/09/2014,11.0,13.0,11.0,10.0,10.0,13.0,0,0,construct,Evil,Monster Manual
scorpion,https://www.aidedd.org/dnd/monstres.php?vo=scorpion,0.0,beast,Tiny,11,1,unaligned,0,Monster Manual (SRD),12/01/2016,2.0,11.0,8.0,1.0,8.0,2.0,0,0,beast,Unaligned,Monster Manual (SRD)
scout,https://www.aidedd.org/dnd/monstres.php?vo=scout,0.5,humanoid (any race),Medium,13,16,any alignment,0,Monster Manual (SRD),12/01/2016,11.0,14.0,12.0,11.0,13.0,11.0,0,0,humanoid,Neutral,Monster Manual (SRD)
sea-hag,https://www.aidedd.org/dnd/monstres.php?vo=sea-hag,2.0,fey,Medium,14,52,chaotic evil,0,Monster Manual (SRD),12/01/2016,16.0,13.0,16.0,12.0,12.0,13.0,0,1,fey,Evil,Monster Manual (SRD)
sea-horse,https://www.aidedd.org/dnd/monstres.php?vo=sea-horse,0.0,beast,Tiny,11,1,unaligned,0,Monster Manual (SRD),12/01/2016,1.0,12.0,8.0,1.0,10.0,2.0,0,1,beast,Unaligned,Monster Manual (SRD)
sea-spawn,,1.0,humanoid,Medium,11,32,neutral evil,0,Volo's Guide to Monsters,15/11/2016,15.0,8.0,15.0,6.0,10.0,8.0,0,1,humanoid,Evil,Volo's Guide to Monsters
shadow,https://www.aidedd.org/dnd/monstres.php?vo=shadow,0.5,undead,Medium,12,16,chaotic evil,0,Monster Manual (SRD),12/01/2016,6.0,14.0,13.0,6.0,10.0,8.0,0,0,undead,Evil,Monster Manual (SRD)
shadow-dancer,,7.0,humanoid (elf),Medium,15,71,neutral,0,Mordenkainen's Tome of Foes,29/05/2018,12.0,16.0,13.0,11.0,12.0,12.0,0,0,humanoid,Neutral,Mordenkainen's Tome of Foes
shadow-demon,https://www.aidedd.org/dnd/monstres.php?vo=shadow-demon,4.0,fiend (demon),Medium,13,66,chaotic evil,0,Monster Manual (BR),03/07/2014,1.0,17.0,12.0,14.0,13.0,14.0,1,0,fiend,Evil,Monster Manual (BR)
shadow-mastiff,,2.0,monstrosity,Medium,12,33,neutral evil,0,Volo's Guide to Monsters,15/11/2016,16.0,14.0,13.0,5.0,12.0,5.0,0,0,monstrosity,Evil,Volo's Guide to Monsters
shambling-mound,https://www.aidedd.org/dnd/monstres.php?vo=shambling-mound,5.0,plant,Large,15,136,unaligned,0,Monster Manual (SRD),12/01/2016,18.0,8.0,16.0,5.0,10.0,5.0,0,1,plant,Unaligned,Monster Manual (SRD)
shield-guardian,https://www.aidedd.org/dnd/monstres.php?vo=shield-guardian,7.0,construct,Large,17,142,unaligned,0,Monster Manual (SRD),12/01/2016,18.0,8.0,18.0,7.0,10.0,3.0,0,0,construct,Unaligned,Monster Manual (SRD)
shoosuva,,8.0,fiend (demon),Large,14,110,chaotic evil,0,Volo's Guide to Monsters,15/11/2016,18.0,13.0,17.0,7.0,14.0,9.0,0,0,fiend,Evil,Volo's Guide to Monsters
shrieker,https://www.aidedd.org/dnd/monstres.php?vo=shrieker,0.0,plant,Medium,5,13,unaligned,0,Monster Manual (SRD),12/01/2016,1.0,1.0,10.0,1.0,3.0,1.0,0,0,plant,Unaligned,Monster Manual (SRD)
sibriex,https://www.aidedd.org/dnd/monstres.php?vo=sibriex,18.0,fiend (demon),Huge,19,150,chaotic evil,1,Mordenkainen's Tome of Foes,29/05/2018,10.0,3.0,23.0,25.0,24.0,25.0,1,0,fiend,Evil,Mordenkainen's Tome of Foes
silver-dragon-wyrmling,https://www.aidedd.org/dnd/monstres.php?vo=silver-dragon-wyrmling,2.0,dragon,Medium,17,45,lawful good,0,Monster Manual (SRD),12/01/2016,19.0,10.0,17.0,12.0,11.0,15.0,1,0,dragon,Good,Monster Manual (SRD)
skeleton,https://www.aidedd.org/dnd/monstres.php?vo=skeleton,0.25,undead,Medium,13,13,lawful evil,0,Monster Manual (SRD),12/01/2016,10.0,14.0,15.0,6.0,8.0,5.0,0,0,undead,Evil,Monster Manual (SRD)
skulk,,0.5,humanoid,Medium,14,18,chaotic neutral,0,Mordenkainen's Tome of Foes,29/05/2018,6.0,19.0,10.0,10.0,7.0,1.0,0,0,humanoid,Neutral,Mordenkainen's Tome of Foes
skull-lasher-of-myrkul,,1.0,humanoid (human),Medium,12,32,neutral evil,0,Adventures (Descent into Avernus),17/09/2019,10.0,14.0,15.0,16.0,13.0,10.0,0,0,humanoid,Evil,Adventures
skull-lord,,15.0,undead,Medium,18,105,lawful evil,0,Mordenkainen's Tome of Foes,29/05/2018,14.0,16.0,17.0,16.0,15.0,21.0,0,0,undead,Evil,Mordenkainen's Tome of Foes
slaad-tadpole,,0.125,aberration,Tiny,12,10,chaotic neutral,0,Monster Manual,30/09/2014,7.0,15.0,10.0,3.0,5.0,3.0,0,0,aberration,Neutral,Monster Manual
slithering-tracker,https://www.aidedd.org/dnd/monstres.php?vo=slithering-tracker,3.0,ooze,Medium,14,32,chaotic evil,0,Volo's Guide to Monsters,15/11/2016,16.0,19.0,15.0,10.0,14.0,11.0,0,1,ooze,Evil,Volo's Guide to Monsters
smoke-mephit,https://www.aidedd.org/dnd/monstres.php?vo=smoke-mephit,0.25,elemental,Small,12,22,neutral evil,0,Monster Manual (SRD),12/01/2016,6.0,14.0,12.0,10.0,10.0,11.0,1,0,elemental,Evil,Monster Manual (SRD)
solar,https://www.aidedd.org/dnd/monstres.php?vo=solar,21.0,celestial,Large,21,243,lawful good,1,Monster Manual (SRD),12/01/2016,26.0,22.0,26.0,25.0,25.0,30.0,1,0,celestial,Good,Monster Manual (SRD)
soul-monger,,11.0,humanoid (elf),Medium,15,123,neutral,0,Mordenkainen's Tome of Foes,29/05/2018,8.0,17.0,14.0,19.0,15.0,13.0,0,0,humanoid,Neutral,Mordenkainen's Tome of Foes
spawn-of-kyuss,,5.0,undead,Medium,10,76,chaotic evil,0,Volo's Guide to Monsters,15/11/2016,16.0,11.0,18.0,5.0,7.0,3.0,0,0,undead,Evil,Volo's Guide to Monsters
spectator,https://www.aidedd.org/dnd/monstres.php?vo=spectator,3.0,aberration,Medium,14,39,lawful neutral,0,Monster Manual,30/09/2014,8.0,14.0,14.0,13.0,14.0,11.0,1,0,aberration,Neutral,Monster Manual
specter,https://www.aidedd.org/dnd/monstres.php?vo=specter,1.0,undead,Medium,12,22,chaotic evil,0,Monster Manual (SRD),12/01/2016,1.0,14.0,11.0,10.0,10.0,11.0,1,0,undead,Evil,Monster Manual (SRD)
spellcaster-healer-lvl-1,,0.0,humanoid (any race),Medium,12,9,any alignment,0,Essentials Kit,03/09/2019,10.0,12.0,10.0,15.0,14.0,13.0,0,0,humanoid,Neutral,Essentials Kit
spellcaster-healer-lvl-2,,0.0,humanoid (any race),Medium,12,13,any alignment,0,Essentials Kit,03/09/2019,10.0,12.0,10.0,15.0,14.0,13.0,0,0,humanoid,Neutral,Essentials Kit
spellcaster-healer-lvl-3,,0.0,humanoid (any race),Medium,12,18,any alignment,0,Essentials Kit,03/09/2019,10.0,12.0,10.0,15.0,14.0,13.0,0,0,humanoid,Neutral,Essentials Kit
spellcaster-healer-lvl-4,,0.0,humanoid (any race),Medium,12,22,any alignment,0,Essentials Kit,03/09/2019,10.0,12.0,10.0,15.0,16.0,13.0,0,0,humanoid,Neutral,Essentials Kit
spellcaster-healer-lvl-5,,0.0,humanoid (any race),Medium,12,27,any alignment,0,Essentials Kit,03/09/2019,10.0,12.0,10.0,15.0,16.0,13.0,0,0,humanoid,Neutral,Essentials Kit
spellcaster-healer-lvl-6,,0.0,humanoid (any race),Medium,12,31,any alignment,0,Essentials Kit,03/09/2019,10.0,12.0,10.0,15.0,16.0,13.0,0,0,humanoid,Neutral,Essentials Kit
spellcaster-mage-lvl-1,,0.0,humanoid (any race),Medium,12,9,any alignment,0,Essentials Kit,03/09/2019,10.0,12.0,10.0,15.0,14.0,13.0,0,0,humanoid,Neutral,Essentials Kit
spellcaster-mage-lvl-2,,0.0,humanoid (any race),Medium,12,13,any alignment,0,Essentials Kit,03/09/2019,10.0,12.0,10.0,15.0,14.0,13.0,0,0,humanoid,Neutral,Essentials Kit
spellcaster-mage-lvl-3,,0.0,humanoid (any race),Medium,12,18,any alignment,0,Essentials Kit,03/09/2019,10.0,12.0,10.0,15.0,14.0,13.0,0,0,humanoid,Neutral,Essentials Kit
spellcaster-mage-lvl-4,,0.0,humanoid (any race),Medium,12,22,any alignment,0,Essentials Kit,03/09/2019,10.0,12.0,10.0,17.0,14.0,13.0,0,0,humanoid,Neutral,Essentials Kit
spellcaster-mage-lvl-5,,0.0,humanoid (any race),Medium,12,27,any alignment,0,Essentials Kit,03/09/2019,10.0,12.0,10.0,17.0,14.0,13.0,0,0,humanoid,Neutral,Essentials Kit
spellcaster-mage-lvl-6,,0.0,humanoid (any race),Medium,12,31,any alignment,0,Essentials Kit,03/09/2019,10.0,12.0,10.0,17.0,14.0,13.0,0,0,humanoid,Neutral,Essentials Kit
spider,https://www.aidedd.org/dnd/monstres.php?vo=spider,0.0,beast,Tiny,12,1,unaligned,0,Monster Manual (SRD),12/01/2016,2.0,14.0,8.0,1.0,10.0,2.0,0,0,beast,Unaligned,Monster Manual (SRD)
spined-devil,,2.0,fiend (devil),Small,13,22,lawful evil,0,Monster Manual,30/09/2014,10.0,15.0,12.0,11.0,14.0,8.0,1,0,fiend,Evil,Monster Manual
spirit-naga,https://www.aidedd.org/dnd/monstres.php?vo=spirit-naga,8.0,monstrosity,Large,15,75,chaotic evil,0,Monster Manual (SRD),12/01/2016,18.0,17.0,14.0,16.0,15.0,16.0,0,0,monstrosity,Evil,Monster Manual (SRD)
spirit-troll,,11.0,giant,Large,17,97,chaotic evil,0,Mordenkainen's Tome of Foes,29/05/2018,1.0,17.0,13.0,8.0,9.0,16.0,0,0,giant,Evil,Mordenkainen's Tome of Foes
spring-eladrin,,10.0,fey (elf),Medium,19,127,chaotic neutral,0,Mordenkainen's Tome of Foes,29/05/2018,14.0,16.0,16.0,18.0,11.0,18.0,0,0,fey,Neutral,Mordenkainen's Tome of Foes
sprite,https://www.aidedd.org/dnd/monstres.php?vo=sprite,0.25,fey,Tiny,15,2,neutral good,0,Monster Manual (SRD),12/01/2016,3.0,18.0,10.0,14.0,13.0,11.0,1,0,fey,Good,Monster Manual (SRD)
spy,https://www.aidedd.org/dnd/monstres.php?vo=spy,1.0,humanoid (any race),Medium,12,27,any alignment,0,Monster Manual (SRD),12/01/2016,10.0,15.0,10.0,12.0,14.0,16.0,0,0,humanoid,Neutral,Monster Manual (SRD)
star-spawn-grue,,0.25,aberration,Small,11,17,neutral evil,0,Mordenkainen's Tome of Foes,29/05/2018,6.0,13.0,10.0,9.0,11.0,6.0,0,0,aberration,Evil,Mordenkainen's Tome of Foes
star-spawn-hulk,,10.0,aberration,Large,16,136,chaotic evil,0,Mordenkainen's Tome of Foes,29/05/2018,20.0,8.0,21.0,7.0,12.0,9.0,0,0,aberration,Evil,Mordenkainen's Tome of Foes
star-spawn-larva-mage,,16.0,aberration,Medium,16,168,chaotic evil,0,Mordenkainen's Tome of Foes,29/05/2018,17.0,12.0,23.0,18.0,12.0,16.0,0,0,aberration,Evil,Mordenkainen's Tome of Foes
star-spawn-mangler,,5.0,aberration,Medium,14,71,chaotic evil,0,Mordenkainen's Tome of Foes,29/05/2018,8.0,18.0,12.0,11.0,12.0,7.0,0,0,aberration,Evil,Mordenkainen's Tome of Foes
star-spawn-seer,,13.0,aberration,Medium,17,153,neutral evil,0,Mordenkainen's Tome of Foes,29/05/2018,14.0,12.0,18.0,22.0,19.0,16.0,0,0,aberration,Evil,Mordenkainen's Tome of Foes
steam-mephit,https://www.aidedd.org/dnd/monstres.php?vo=steam-mephit,0.25,elemental,Small,10,21,neutral evil,0,Monster Manual (SRD),12/01/2016,5.0,11.0,10.0,11.0,10.0,12.0,1,0,elemental,Evil,Monster Manual (SRD)
steel-predator,,16.0,construct,Large,20,207,lawful evil,0,Mordenkainen's Tome of Foes,29/05/2018,24.0,17.0,22.0,4.0,14.0,6.0,0,0,construct,Evil,Mordenkainen's Tome of Foes
stegosaurus,,4.0,beast,Huge,13,76,unaligned,0,Adventures (Tomb of Annihilation),19/09/2017,20.0,9.0,17.0,2.0,11.0,5.0,0,0,beast,Unaligned,Adventures
stirge,https://www.aidedd.org/dnd/monstres.php?vo=stirge,0.125,beast,Tiny,14,2,unaligned,0,Monster Manual (SRD),12/01/2016,4.0,16.0,11.0,2.0,8.0,6.0,1,0,beast,Unaligned,Monster Manual (SRD)
stone-cursed,,1.0,construct,Medium,17,19,lawful evil,0,Mordenkainen's Tome of Foes,29/05/2018,16.0,5.0,14.0,5.0,8.0,7.0,0,0,construct,Evil,Mordenkainen's Tome of Foes
stone-giant,https://www.aidedd.org/dnd/monstres.php?vo=stone-giant,7.0,giant,Huge,17,126,neutral,0,Monster Manual (SRD),12/01/2016,23.0,15.0,20.0,10.0,12.0,9.0,0,0,giant,Neutral,Monster Manual (SRD)
stone-giant-dreamwalker,https://www.aidedd.org/dnd/monstres.php?vo=stone-giant-dreamwalker,10.0,giant (stone giant),Huge,18,161,chaotic neutral,0,Volo's Guide to Monsters,15/11/2016,23.0,14.0,21.0,10.0,8.0,12.0,0,0,giant,Neutral,Volo's Guide to Monsters
stone-golem,https://www.aidedd.org/dnd/monstres.php?vo=stone-golem,10.0,construct,Large,17,178,unaligned,0,Monster Manual (SRD),12/01/2016,22.0,9.0,20.0,3.0,11.0,1.0,0,0,construct,Unaligned,Monster Manual (SRD)
stone-juggernaut,,12.0,construct,Large,15,157,unaligned,0,Adventures (Tomb of Annihilation),19/09/2017,22.0,1.0,21.0,2.0,11.0,3.0,0,0,construct,Unaligned,Adventures
storm-giant,https://www.aidedd.org/dnd/monstres.php?vo=storm-giant,13.0,giant,Huge,16,230,chaotic good,0,Monster Manual (SRD),12/01/2016,29.0,14.0,20.0,16.0,18.0,18.0,0,1,giant,Good,Monster Manual (SRD)
storm-giant-quintessent,,16.0,giant (storm giant),Huge,12,230,chaotic good,0,Volo's Guide to Monsters,15/11/2016,29.0,14.0,20.0,17.0,20.0,19.0,1,1,giant,Good,Volo's Guide to Monsters
strahd-von-zarovich,,15.0,undead (shapechanger),Medium,16,144,lawful evil,0,Adventures (Curse of Strahd),15/03/2016,18.0,18.0,18.0,20.0,15.0,18.0,0,0,undead,Evil,Adventures
su-monster,,1.0,monstrosity,Medium,12,27,chaotic evil,0,Adventures (Tomb of Annihilation),19/09/2017,14.0,15.0,12.0,9.0,13.0,9.0,0,0,monstrosity,Evil,Adventures
succubus,https://www.aidedd.org/dnd/monstres.php?vo=succubus,4.0,fiend (shapechanger),Medium,15,66,neutral evil,0,Monster Manual (SRD),12/01/2016,8.0,17.0,13.0,15.0,12.0,20.0,1,0,fiend,Evil,Monster Manual (SRD)
summer-eladrin,,10.0,fey (elf),Medium,19,127,chaotic neutral,0,Mordenkainen's Tome of Foes,29/05/2018,19.0,21.0,16.0,14.0,12.0,18.0,0,0,fey,Neutral,Mordenkainen's Tome of Foes
swarm-of-bats,https://www.aidedd.org/dnd/monstres.php?vo=swarm-of-bats,0.25,swarm of Tiny beasts,Medium,12,22,unaligned,0,Monster Manual (SRD),12/01/2016,5.0,15.0,10.0,2.0,12.0,4.0,1,0,swarm of Tiny beasts,Unaligned,Monster Manual (SRD)
swarm-of-cranium-rats,,5.0,swarm of Tiny beasts,Medium,12,36,lawful evil,0,Volo's Guide to Monsters,15/11/2016,9.0,14.0,10.0,15.0,11.0,14.0,0,0,swarm of Tiny beasts,Evil,Volo's Guide to Monsters
swarm-of-insects,https://www.aidedd.org/dnd/monstres.php?vo=swarm-of-insects,0.5,swarm of Tiny beasts,Medium,12,22,unaligned,0,Monster Manual (SRD),12/01/2016,3.0,13.0,10.0,1.0,7.0,1.0,0,0,swarm of Tiny beasts,Unaligned,Monster Manual (SRD)
swarm-of-poisonous-snakes,https://www.aidedd.org/dnd/monstres.php?vo=swarm-of-poisonous-snakes,2.0,swarm of Tiny beasts,Medium,14,36,unaligned,0,Monster Manual (SRD),12/01/2016,8.0,18.0,11.0,1.0,10.0,3.0,0,1,swarm of Tiny beasts,Unaligned,Monster Manual (SRD)
swarm-of-quippers,https://www.aidedd.org/dnd/monstres.php?vo=swarm-of-quippers,1.0,swarm of Tiny beasts,Medium,13,28,unaligned,0,Monster Manual (SRD),12/01/2016,13.0,16.0,9.0,1.0,7.0,2.0,0,1,swarm of Tiny beasts,Unaligned,Monster Manual (SRD)
swarm-of-rats,https://www.aidedd.org/dnd/monstres.php?vo=swarm-of-rats,0.25,swarm of Tiny beasts,Medium,10,24,unaligned,0,Monster Manual (SRD),12/01/2016,9.0,11.0,9.0,2.0,10.0,3.0,0,0,swarm of Tiny beasts,Unaligned,Monster Manual (SRD)
swarm-of-ravens,https://www.aidedd.org/dnd/monstres.php?vo=swarm-of-ravens,0.25,swarm of Tiny beasts,Medium,12,24,unaligned,0,Monster Manual (SRD),12/01/2016,6.0,14.0,8.0,3.0,12.0,6.0,1,0,swarm of Tiny beasts,Unaligned,Monster Manual (SRD)
swarm-of-rot-grubs,https://www.aidedd.org/dnd/monstres.php?vo=swarm-of-rot-grubs,0.5,swarm of Tiny beasts,Medium,8,22,unaligned,0,Volo's Guide to Monsters,15/11/2016,2.0,7.0,10.0,1.0,2.0,1.0,0,0,swarm of Tiny beasts,Unaligned,Volo's Guide to Monsters
swashbuckler,,3.0,humanoid (any race),Medium,17,66,any non-lawful alignment,0,Volo's Guide to Monsters,15/11/2016,12.0,18.0,12.0,14.0,11.0,15.0,0,0,humanoid,Neutral,Volo's Guide to Monsters
sword-wraith-commander,,8.0,undead,Medium,18,127,lawful evil,0,Mordenkainen's Tome of Foes,29/05/2018,18.0,14.0,18.0,11.0,12.0,14.0,0,0,undead,Evil,Mordenkainen's Tome of Foes
sword-wraith-warrior,,3.0,undead,Medium,16,45,lawful evil,0,Mordenkainen's Tome of Foes,29/05/2018,18.0,12.0,17.0,6.0,9.0,10.0,0,0,undead,Evil,Mordenkainen's Tome of Foes
tabaxi-hunter,,1.0,humanoid (tabaxi),Medium,14,40,chaotic good,0,Adventures (Tomb of Annihilation),19/09/2017,10.0,17.0,11.0,13.0,14.0,15.0,0,0,humanoid,Good,Adventures
tabaxi-minstrel,,0.25,humanoid (tabaxi),Medium,12,22,chaotic good,0,Adventures (Tomb of Annihilation),19/09/2017,10.0,15.0,11.0,14.0,12.0,16.0,0,0,humanoid,Good,Adventures
tanarukk,https://www.aidedd.org/dnd/monstres.php?vo=tanarukk,5.0,"fiend (demon, orc)",Medium,14,95,chaotic evil,0,Volo's Guide to Monsters,15/11/2016,18.0,13.0,20.0,9.0,9.0,9.0,0,0,fiend,Evil,Volo's Guide to Monsters
tarrasque,https://www.aidedd.org/dnd/monstres.php?vo=tarrasque,30.0,monstrosity (titan),Gargantuan,25,676,unaligned,1,Monster Manual (SRD),12/01/2016,30.0,11.0,30.0,3.0,11.0,11.0,0,0,monstrosity,Unaligned,Monster Manual (SRD)
the-angry,,13.0,monstrosity,Medium,18,255,neutral evil,0,Mordenkainen's Tome of Foes,29/05/2018,17.0,10.0,19.0,8.0,13.0,6.0,0,0,monstrosity,Evil,Mordenkainen's Tome of Foes
the-hungry,,11.0,monstrosity,Medium,17,225,neutral evil,0,Mordenkainen's Tome of Foes,29/05/2018,19.0,10.0,17.0,6.0,11.0,6.0,0,0,monstrosity,Evil,Mordenkainen's Tome of Foes
the-lonely,,9.0,monstrosity,Medium,16,112,neutral evil,0,Mordenkainen's Tome of Foes,29/05/2018,16.0,12.0,17.0,6.0,11.0,6.0,0,0,monstrosity,Evil,Mordenkainen's Tome of Foes
the-lost,,7.0,monstrosity,Medium,15,78,neutral evil,0,Mordenkainen's Tome of Foes,29/05/2018,17.0,12.0,15.0,6.0,7.0,5.0,0,0,monstrosity,Evil,Mordenkainen's Tome of Foes
the-wretched,,0.25,monstrosity,Small,15,10,neutral evil,0,Mordenkainen's Tome of Foes,29/05/2018,7.0,12.0,9.0,5.0,6.0,5.0,0,0,monstrosity,Evil,Mordenkainen's Tome of Foes
thorny,,1.0,plant,Medium,14,27,neutral,0,Volo's Guide to Monsters,15/11/2016,13.0,12.0,13.0,2.0,10.0,6.0,0,0,plant,Neutral,Volo's Guide to Monsters
thri-kreen,,1.0,humanoid (thri-kreen),Medium,15,33,chaotic neutral,0,Monster Manual,30/09/2014,12.0,15.0,13.0,8.0,12.0,7.0,0,0,humanoid,Neutral,Monster Manual
thug,https://www.aidedd.org/dnd/monstres.php?vo=thug,0.5,humanoid (any race),Medium,11,32,any non-good alignment,0,Monster Manual (SRD),12/01/2016,15.0,11.0,14.0,10.0,10.0,11.0,0,0,humanoid,Good,Monster Manual (SRD)
tiamat,,30.0,fiend,Gargantuan,25,615,chaotic evil,0,Adventures (Tyranny of Dragons),19/08/2014,30.0,10.0,30.0,26.0,26.0,28.0,1,0,fiend,Evil,Adventures
tiger,https://www.aidedd.org/dnd/monstres.php?vo=tiger,1.0,beast,Large,12,37,unaligned,0,Monster Manual (SRD),12/01/2016,17.0,15.0,14.0,3.0,12.0,8.0,0,0,beast,Unaligned,Monster Manual (SRD)
titivilus,,16.0,fiend (devil),Medium,20,127,lawful evil,0,Mordenkainen's Tome of Foes,29/05/2018,19.0,22.0,17.0,24.0,22.0,26.0,1,0,fiend,Evil,Mordenkainen's Tome of Foes
tlincalli,,5.0,monstrosity,Large,15,85,neutral evil,0,Volo's Guide to Monsters,15/11/2016,16.0,13.0,16.0,8.0,12.0,8.0,0,0,monstrosity,Evil,Volo's Guide to Monsters
tortle,,0.25,humanoid (tortle),Medium,17,22,lawful good,0,Mordenkainen's Tome of Foes,29/05/2018,15.0,10.0,12.0,11.0,13.0,12.0,0,0,humanoid,Good,Mordenkainen's Tome of Foes
tortle-druid,,2.0,humanoid (tortle),Medium,17,33,lawful neutral,0,Mordenkainen's Tome of Foes,29/05/2018,14.0,10.0,12.0,11.0,15.0,12.0,0,0,humanoid,Neutral,Mordenkainen's Tome of Foes
transmuter,,5.0,humanoid (any race),Medium,12,40,any alignment,0,Volo's Guide to Monsters,15/11/2016,9.0,14.0,11.0,17.0,12.0,11.0,0,0,humanoid,Neutral,Volo's Guide to Monsters
trapper,,3.0,monstrosity,Large,13,85,unaligned,0,Volo's Guide to Monsters,15/11/2016,17.0,10.0,17.0,2.0,13.0,4.0,0,0,monstrosity,Unaligned,Volo's Guide to Monsters
treant,https://www.aidedd.org/dnd/monstres.php?vo=treant,9.0,plant,Huge,16,138,chaotic good,0,Monster Manual (SRD),12/01/2016,23.0,8.0,21.0,12.0,16.0,12.0,0,0,plant,Good,Monster Manual (SRD)
tri-flower-frond,,0.5,plant,Medium,10,11,unaligned,0,Adventures (Tomb of Annihilation),19/09/2017,1.0,10.0,12.0,1.0,10.0,1.0,0,0,plant,Unaligned,Adventures
tribal-warrior,https://www.aidedd.org/dnd/monstres.php?vo=tribal-warrior,0.125,humanoid (any race),Medium,12,11,any alignment,0,Monster Manual (SRD),12/01/2016,13.0,11.0,12.0,8.0,11.0,8.0,0,0,humanoid,Neutral,Monster Manual (SRD)
triceratops,https://www.aidedd.org/dnd/monstres.php?vo=triceratops,5.0,beast,Huge,13,95,unaligned,0,Monster Manual (SRD),12/01/2016,22.0,9.0,17.0,2.0,11.0,5.0,0,0,beast,Unaligned,Monster Manual (SRD)
tridrone,,0.5,construct,Medium,15,16,lawful neutral,0,Monster Manual,30/09/2014,12.0,13.0,12.0,9.0,10.0,9.0,0,0,construct,Neutral,Monster Manual
troglodyte,https://www.aidedd.org/dnd/monstres.php?vo=troglodyte,0.25,humanoid (troglodyte),Medium,11,13,chaotic evil,0,Monster Manual (BR),03/07/2014,14.0,10.0,14.0,6.0,10.0,6.0,0,0,humanoid,Evil,Monster Manual (BR)
troll,https://www.aidedd.org/dnd/monstres.php?vo=troll,5.0,giant,Large,15,84,chaotic evil,0,Monster Manual (SRD),12/01/2016,18.0,13.0,20.0,7.0,9.0,7.0,0,0,giant,Evil,Monster Manual (SRD)
twig-blight,https://www.aidedd.org/dnd/monstres.php?vo=twig-blight,0.125,plant,Small,13,4,neutral evil,0,Monster Manual (SRD),12/01/2016,6.0,13.0,12.0,4.0,8.0,3.0,0,0,plant,Evil,Monster Manual (SRD)
tyrannosaurus-rex,https://www.aidedd.org/dnd/monstres.php?vo=tyrannosaurus-rex,8.0,beast,Huge,13,136,unaligned,0,Monster Manual (SRD),12/01/2016,25.0,10.0,19.0,2.0,12.0,9.0,0,0,beast,Unaligned,Monster Manual (SRD)
ulitharid,,9.0,aberration,Large,15,127,lawful evil,0,Volo's Guide to Monsters,15/11/2016,15.0,12.0,15.0,21.0,19.0,21.0,0,0,aberration,Evil,Volo's Guide to Monsters
ultroloth,,13.0,fiend (yugoloth),Medium,19,153,neutral evil,0,Monster Manual,30/09/2014,16.0,16.0,18.0,18.0,15.0,19.0,1,0,fiend,Evil,Monster Manual
umber-hulk,https://www.aidedd.org/dnd/monstres.php?vo=umber-hulk,5.0,monstrosity,Large,18,93,chaotic evil,0,Monster Manual (BR),03/07/2014,20.0,13.0,16.0,9.0,10.0,10.0,0,0,monstrosity,Evil,Monster Manual (BR)
unicorn,https://www.aidedd.org/dnd/monstres.php?vo=unicorn,5.0,celestial,Large,12,67,lawful good,1,Monster Manual (SRD),12/01/2016,18.0,14.0,15.0,11.0,17.0,16.0,0,0,celestial,Good,Monster Manual (SRD)
uthgardt-shaman,,2.0,humanoid (human),Medium,13,38,neutral evil,0,Adventures (Storm King's Thunder),06/09/2016,14.0,12.0,13.0,10.0,15.0,12.0,0,0,humanoid,Evil,Adventures
vajra-safahr,,13.0,humanoid (human),Medium,14,126,lawful neutral,0,Adventures (Dragon Heist),18/09/2018,10.0,14.0,12.0,20.0,11.0,16.0,0,0,humanoid,Neutral,Adventures
vampire,https://www.aidedd.org/dnd/monstres.php?vo=vampire,13.0,undead (shapechanger),Medium,16,144,lawful evil,1,Monster Manual (SRD),12/01/2016,18.0,18.0,18.0,17.0,15.0,18.0,0,0,undead,Evil,Monster Manual (SRD)
vampire-spawn,https://www.aidedd.org/dnd/monstres.php?vo=vampire-spawn,5.0,undead,Medium,15,82,neutral evil,0,Monster Manual (SRD),12/01/2016,16.0,16.0,16.0,11.0,10.0,12.0,0,0,undead,Evil,Monster Manual (SRD)
vampiric-mist,,3.0,undead,Medium,13,30,chaotic evil,0,Mordenkainen's Tome of Foes,29/05/2018,6.0,16.0,16.0,6.0,12.0,7.0,1,0,undead,Evil,Mordenkainen's Tome of Foes
vargouille,,1.0,fiend,Tiny,12,13,chaotic evil,0,Volo's Guide to Monsters,15/11/2016,6.0,14.0,14.0,4.0,7.0,2.0,1,0,fiend,Evil,Volo's Guide to Monsters
vegepygmy,,0.25,plant,Small,13,9,neutral,0,Volo's Guide to Monsters,15/11/2016,7.0,14.0,13.0,6.0,11.0,7.0,0,0,plant,Neutral,Volo's Guide to Monsters
vegepygmy-chief,,2.0,plant,Small,14,33,neutral,0,Volo's Guide to Monsters,15/11/2016,14.0,14.0,14.0,7.0,12.0,9.0,0,0,plant,Neutral,Volo's Guide to Monsters
velociraptor,,0.25,beast,Tiny,13,10,unaligned,0,Volo's Guide to Monsters,15/11/2016,6.0,14.0,13.0,4.0,12.0,6.0,0,0,beast,Unaligned,Volo's Guide to Monsters
venerable-shadow,https://www.aidedd.org/dnd/monstres.php?vo=venerable-shadow,2.0,undead,Medium,13,27,chaotic evil,0,Extra (AideDD),,6.0,16.0,13.0,6.0,12.0,10.0,0,0,undead,Evil,Extra
venom-troll,,7.0,giant,Large,15,94,chaotic evil,0,Mordenkainen's Tome of Foes,29/05/2018,18.0,13.0,20.0,7.0,9.0,7.0,0,0,giant,Evil,Mordenkainen's Tome of Foes
veteran,https://www.aidedd.org/dnd/monstres.php?vo=veteran,3.0,humanoid (any race),Medium,17,58,any alignment,0,Monster Manual (SRD),12/01/2016,16.0,13.0,14.0,10.0,11.0,10.0,0,0,humanoid,Neutral,Monster Manual (SRD)
vine-blight,,0.5,plant,Medium,12,26,neutral evil,0,Monster Manual,30/09/2014,15.0,8.0,14.0,5.0,10.0,3.0,0,0,plant,Evil,Monster Manual
violet-fungus,https://www.aidedd.org/dnd/monstres.php?vo=violet-fungus,0.25,plant,Medium,5,18,unaligned,0,Monster Manual (SRD),12/01/2016,3.0,1.0,10.0,1.0,3.0,1.0,0,0,plant,Unaligned,Monster Manual (SRD)
vrock,https://www.aidedd.org/dnd/monstres.php?vo=vrock,6.0,fiend (demon),Large,15,104,chaotic evil,0,Monster Manual (SRD),12/01/2016,17.0,15.0,18.0,8.0,13.0,8.0,1,0,fiend,Evil,Monster Manual (SRD)
vulture,https://www.aidedd.org/dnd/monstres.php?vo=vulture,0.0,beast,Medium,10,5,unaligned,0,Monster Manual (SRD),12/01/2016,7.0,10.0,13.0,2.0,12.0,4.0,1,0,beast,Unaligned,Monster Manual (SRD)
war-priest,,9.0,humanoid (any race),Medium,18,117,any alignment,0,Volo's Guide to Monsters,15/11/2016,16.0,10.0,14.0,11.0,17.0,13.0,0,0,humanoid,Neutral,Volo's Guide to Monsters
warhorse,https://www.aidedd.org/dnd/monstres.php?vo=warhorse,0.5,beast,Large,11,19,unaligned,0,Monster Manual (SRD),12/01/2016,18.0,12.0,13.0,2.0,12.0,7.0,0,0,beast,Unaligned,Monster Manual (SRD)
warhorse-skeleton,https://www.aidedd.org/dnd/monstres.php?vo=warhorse-skeleton,0.5,undead,Large,13,22,lawful evil,0,Monster Manual (SRD),12/01/2016,18.0,12.0,15.0,2.0,8.0,5.0,0,0,undead,Evil,Monster Manual (SRD)
warlock-of-the-archfey,,4.0,humanoid (any race),Medium,11,49,any alignment,0,Volo's Guide to Monsters,15/11/2016,9.0,13.0,11.0,11.0,12.0,18.0,0,0,humanoid,Neutral,Volo's Guide to Monsters
warlock-of-the-fiend,,7.0,humanoid (any race),Medium,12,78,any alignment,0,Volo's Guide to Monsters,15/11/2016,10.0,14.0,15.0,12.0,12.0,18.0,0,0,humanoid,Neutral,Volo's Guide to Monsters
warlock-of-the-great-old-one,,6.0,humanoid (any race),Medium,12,91,any alignment,0,Volo's Guide to Monsters,15/11/2016,9.0,14.0,15.0,12.0,12.0,18.0,0,0,humanoid,Neutral,Volo's Guide to Monsters
warlord,,12.0,humanoid (any race),Medium,18,229,any alignment,1,Volo's Guide to Monsters,15/11/2016,20.0,16.0,18.0,12.0,12.0,18.0,0,0,humanoid,Neutral,Volo's Guide to Monsters
warrior-lvl-1,,0.0,humanoid (any race),Medium,16,13,any alignment,0,Essentials Kit,03/09/2019,15.0,13.0,14.0,10.0,12.0,10.0,0,0,humanoid,Neutral,Essentials Kit
warrior-lvl-2,,0.0,humanoid (any race),Medium,16,19,any alignment,0,Essentials Kit,03/09/2019,15.0,13.0,14.0,10.0,12.0,10.0,0,0,humanoid,Neutral,Essentials Kit
warrior-lvl-3,,0.0,humanoid (any race),Medium,16,26,any alignment,0,Essentials Kit,03/09/2019,15.0,13.0,14.0,10.0,12.0,10.0,0,0,humanoid,Neutral,Essentials Kit
warrior-lvl-4,,0.0,humanoid (any race),Medium,16,32,any alignment,0,Essentials Kit,03/09/2019,17.0,13.0,14.0,10.0,12.0,10.0,0,0,humanoid,Neutral,Essentials Kit
warrior-lvl-5,,0.0,humanoid (any race),Medium,16,39,any alignment,0,Essentials Kit,03/09/2019,17.0,13.0,14.0,10.0,12.0,10.0,0,0,humanoid,Neutral,Essentials Kit
warrior-lvl-6,,0.0,humanoid (any race),Medium,16,45,any alignment,0,Essentials Kit,03/09/2019,17.0,13.0,14.0,10.0,12.0,10.0,0,0,humanoid,Neutral,Essentials Kit
wastrilith,,13.0,fiend (demon),Large,18,157,chaotic evil,0,Mordenkainen's Tome of Foes,29/05/2018,19.0,18.0,21.0,19.0,12.0,14.0,0,1,fiend,Evil,Mordenkainen's Tome of Foes
water-elemental,https://www.aidedd.org/dnd/monstres.php?vo=water-elemental,5.0,elemental,Large,14,114,neutral,0,Monster Manual (SRD),12/01/2016,18.0,14.0,18.0,5.0,10.0,8.0,0,1,elemental,Neutral,Monster Manual (SRD)
water-elemental-myrmidon,,7.0,elemental,Medium,18,127,neutral,0,Mordenkainen's Tome of Foes,29/05/2018,18.0,14.0,15.0,8.0,10.0,10.0,0,1,elemental,Neutral,Mordenkainen's Tome of Foes
water-weird,https://www.aidedd.org/dnd/monstres.php?vo=water-weird,3.0,elemental,Large,13,58,neutral,0,Monster Manual (BR),03/07/2014,17.0,16.0,13.0,11.0,10.0,10.0,0,1,elemental,Neutral,Monster Manual (BR)
weasel,https://www.aidedd.org/dnd/monstres.php?vo=weasel,0.0,beast,Tiny,13,1,unaligned,0,Monster Manual (SRD),12/01/2016,3.0,16.0,8.0,2.0,12.0,3.0,0,0,beast,Unaligned,Monster Manual (SRD)
werebear,https://www.aidedd.org/dnd/monstres.php?vo=werebear,5.0,"humanoid (human, shapechanger)",Medium,10,135,neutral good,0,Monster Manual (SRD),12/01/2016,19.0,10.0,17.0,11.0,12.0,12.0,0,0,humanoid,Good,Monster Manual (SRD)
wereboar,https://www.aidedd.org/dnd/monstres.php?vo=wereboar,4.0,"humanoid (human, shapechanger)",Medium,10,78,neutral evil,0,Monster Manual (SRD),12/01/2016,17.0,10.0,15.0,10.0,11.0,8.0,0,0,humanoid,Evil,Monster Manual (SRD)
wererat,https://www.aidedd.org/dnd/monstres.php?vo=wererat,2.0,"humanoid (human, shapechanger)",Medium,12,33,lawful evil,0,Monster Manual (SRD),12/01/2016,10.0,15.0,12.0,11.0,10.0,8.0,0,0,humanoid,Evil,Monster Manual (SRD)
weretiger,https://www.aidedd.org/dnd/monstres.php?vo=weretiger,4.0,"humanoid (human, shapechanger)",Medium,12,120,neutral,0,Monster Manual (SRD),12/01/2016,17.0,15.0,16.0,10.0,13.0,11.0,0,0,humanoid,Neutral,Monster Manual (SRD)
werewolf,https://www.aidedd.org/dnd/monstres.php?vo=werewolf,3.0,"humanoid (human, shapechanger)",Medium,11,58,chaotic evil,0,Monster Manual (SRD),12/01/2016,15.0,13.0,14.0,10.0,11.0,10.0,0,0,humanoid,Evil,Monster Manual (SRD)
white-abishai,,6.0,fiend (devil),Medium,15,68,lawful evil,0,Mordenkainen's Tome of Foes,29/05/2018,16.0,11.0,18.0,11.0,12.0,13.0,1,0,fiend,Evil,Mordenkainen's Tome of Foes
white-dragon-wyrmling,https://www.aidedd.org/dnd/monstres.php?vo=white-dragon-wyrmling,2.0,dragon,Medium,16,32,chaotic evil,0,Monster Manual (SRD),12/01/2016,14.0,10.0,14.0,5.0,10.0,11.0,1,1,dragon,Evil,Monster Manual (SRD)
wight,https://www.aidedd.org/dnd/monstres.php?vo=wight,3.0,undead,Medium,14,45,neutral evil,0,Monster Manual (SRD),12/01/2016,15.0,14.0,16.0,10.0,13.0,15.0,0,0,undead,Evil,Monster Manual (SRD)
wild-dog,https://www.aidedd.org/dnd/monstres.php?vo=wild-dog,0.125,beast,Medium,12,5,unaligned,0,Extra (Adventurers League),,13.0,14.0,12.0,3.0,12.0,7.0,0,0,beast,Unaligned,Extra
wild-dog-alpha,https://www.aidedd.org/dnd/monstres.php?vo=wild-dog-alpha,1.0,beast,Large,12,26,unaligned,0,Extra (Adventurers League),,17.0,15.0,13.0,3.0,12.0,8.0,0,0,beast,Unaligned,Extra
will-o--wisp,https://www.aidedd.org/dnd/monstres.php?vo=will-o--wisp,2.0,undead,Tiny,19,22,chaotic evil,0,Monster Manual (SRD),12/01/2016,1.0,28.0,10.0,13.0,14.0,11.0,1,0,undead,Evil,Monster Manual (SRD)
winged-kobold,https://www.aidedd.org/dnd/monstres.php?vo=winged-kobold,0.25,humanoid (kobold),Small,13,7,lawful evil,0,Monster Manual (BR),03/07/2014,7.0,16.0,9.0,8.0,7.0,8.0,1,0,humanoid,Evil,Monster Manual (BR)
winter-eladrin,,10.0,fey (elf),Medium,19,127,chaotic neutral,0,Mordenkainen's Tome of Foes,29/05/2018,11.0,10.0,16.0,18.0,17.0,13.0,0,0,fey,Neutral,Mordenkainen's Tome of Foes
winter-wolf,https://www.aidedd.org/dnd/monstres.php?vo=winter-wolf,3.0,monstrosity,Large,13,75,neutral evil,0,Monster Manual (SRD),12/01/2016,18.0,13.0,14.0,7.0,12.0,8.0,0,0,monstrosity,Evil,Monster Manual (SRD)
wolf,https://www.aidedd.org/dnd/monstres.php?vo=wolf,0.25,beast,Medium,13,11,unaligned,0,Monster Manual (SRD),12/01/2016,12.0,15.0,12.0,3.0,12.0,6.0,0,0,beast,Unaligned,Monster Manual (SRD)
wood-woad,,5.0,plant,Medium,18,75,lawful neutral,0,Volo's Guide to Monsters,15/11/2016,18.0,12.0,16.0,10.0,13.0,8.0,0,0,plant,Neutral,Volo's Guide to Monsters
worg,https://www.aidedd.org/dnd/monstres.php?vo=worg,0.5,monstrosity,Large,13,26,neutral evil,0,Monster Manual (SRD),12/01/2016,16.0,13.0,13.0,7.0,11.0,8.0,0,0,monstrosity,Evil,Monster Manual (SRD)
wraith,https://www.aidedd.org/dnd/monstres.php?vo=wraith,5.0,undead,Medium,13,67,neutral evil,0,Monster Manual (SRD),12/01/2016,6.0,16.0,16.0,12.0,14.0,15.0,1,0,undead,Evil,Monster Manual (SRD)
wyvern,https://www.aidedd.org/dnd/monstres.php?vo=wyvern,6.0,dragon,Large,13,110,unaligned,0,Monster Manual (SRD),12/01/2016,19.0,10.0,16.0,5.0,12.0,6.0,1,0,dragon,Unaligned,Monster Manual (SRD)
xorn,https://www.aidedd.org/dnd/monstres.php?vo=xorn,5.0,elemental,Medium,19,73,neutral,0,Monster Manual (SRD),12/01/2016,17.0,10.0,22.0,11.0,10.0,11.0,0,0,elemental,Neutral,Monster Manual (SRD)
xvart,,0.125,humanoid (xvart),Small,13,7,chaotic evil,0,Volo's Guide to Monsters,15/11/2016,8.0,14.0,10.0,8.0,7.0,7.0,0,0,humanoid,Evil,Volo's Guide to Monsters
xvart-warlock-of-raxivort,,1.0,humanoid (xvart),Small,12,22,chaotic evil,0,Volo's Guide to Monsters,15/11/2016,8.0,14.0,12.0,8.0,11.0,12.0,0,0,humanoid,Evil,Volo's Guide to Monsters
yagnoloth,,11.0,fiend (yugoloth),Large,17,147,neutral evil,0,Mordenkainen's Tome of Foes,29/05/2018,19.0,14.0,21.0,16.0,15.0,18.0,0,0,fiend,Evil,Mordenkainen's Tome of Foes
yan-c-bin,,18.0,elemental,Huge,22,283,neutral evil,0,Adventures (Princes of the Apocalypse),07/04/2015,18.0,24.0,24.0,16.0,21.0,23.0,1,0,elemental,Evil,Adventures
yeenoghu,,24.0,fiend (demon),Huge,20,333,chaotic evil,0,Mordenkainen's Tome of Foes,29/05/2018,29.0,16.0,23.0,15.0,24.0,15.0,0,0,fiend,Evil,Mordenkainen's Tome of Foes
yellow-musk-creeper,,2.0,plant,Medium,6,60,unaligned,0,Adventures (Tomb of Annihilation),19/09/2017,12.0,3.0,12.0,1.0,10.0,3.0,0,0,plant,Unaligned,Adventures
yellow-musk-zombie,,0.25,undead,Medium,9,33,unaligned,0,Adventures (Tomb of Annihilation),19/09/2017,13.0,9.0,12.0,1.0,6.0,3.0,0,0,undead,Unaligned,Adventures
yeth-hound,,4.0,fey,Large,14,51,neutral evil,0,Volo's Guide to Monsters,15/11/2016,18.0,17.0,16.0,5.0,12.0,7.0,1,0,fey,Evil,Volo's Guide to Monsters
yeti,https://www.aidedd.org/dnd/monstres.php?vo=yeti,3.0,monstrosity,Large,12,51,chaotic evil,0,Monster Manual (SRD),12/01/2016,18.0,13.0,16.0,8.0,12.0,7.0,0,0,monstrosity,Evil,Monster Manual (SRD)
yochlol,,10.0,"fiend (demon, shapechanger)",Medium,15,136,chaotic evil,0,Monster Manual,30/09/2014,15.0,14.0,18.0,13.0,15.0,15.0,0,0,fiend,Evil,Monster Manual
young-black-dragon,https://www.aidedd.org/dnd/monstres.php?vo=young-black-dragon,7.0,dragon,Large,18,127,chaotic evil,0,Monster Manual (SRD),12/01/2016,19.0,14.0,17.0,12.0,11.0,15.0,1,1,dragon,Evil,Monster Manual (SRD)
young-blue-dragon,https://www.aidedd.org/dnd/monstres.php?vo=young-blue-dragon,9.0,dragon,Large,18,152,lawful evil,0,Monster Manual (SRD),12/01/2016,21.0,10.0,19.0,14.0,13.0,17.0,1,0,dragon,Evil,Monster Manual (SRD)
young-brass-dragon,https://www.aidedd.org/dnd/monstres.php?vo=young-brass-dragon,6.0,dragon,Large,17,110,chaotic good,0,Monster Manual (SRD),12/01/2016,19.0,10.0,17.0,12.0,11.0,15.0,1,0,dragon,Good,Monster Manual (SRD)
young-bronze-dragon,https://www.aidedd.org/dnd/monstres.php?vo=young-bronze-dragon,8.0,dragon,Large,18,142,lawful good,0,Monster Manual (SRD),12/01/2016,21.0,10.0,19.0,14.0,13.0,17.0,1,1,dragon,Good,Monster Manual (SRD)
young-copper-dragon,https://www.aidedd.org/dnd/monstres.php?vo=young-copper-dragon,7.0,dragon,Large,17,119,chaotic good,0,Monster Manual (SRD),12/01/2016,19.0,12.0,17.0,16.0,13.0,15.0,1,0,dragon,Good,Monster Manual (SRD)
young-gold-dragon,https://www.aidedd.org/dnd/monstres.php?vo=young-gold-dragon,10.0,dragon,Large,18,178,lawful good,0,Monster Manual (SRD),12/01/2016,23.0,14.0,21.0,16.0,13.0,20.0,1,1,dragon,Good,Monster Manual (SRD)
young-green-dragon,https://www.aidedd.org/dnd/monstres.php?vo=young-green-dragon,8.0,dragon,Large,18,136,lawful evil,0,Monster Manual (SRD),12/01/2016,19.0,12.0,17.0,16.0,13.0,15.0,1,1,dragon,Evil,Monster Manual (SRD)
young-kruthik,,0.125,monstrosity,Small,16,9,unaligned,0,Mordenkainen's Tome of Foes,29/05/2018,13.0,16.0,13.0,4.0,10.0,6.0,0,0,monstrosity,Unaligned,Mordenkainen's Tome of Foes
young-red-dragon,https://www.aidedd.org/dnd/monstres.php?vo=young-red-dragon,10.0,dragon,Large,18,178,chaotic evil,0,Monster Manual (SRD),12/01/2016,23.0,10.0,21.0,14.0,11.0,19.0,1,0,dragon,Evil,Monster Manual (SRD)
young-red-shadow-dragon,,13.0,dragon,Large,18,178,chaotic evil,0,Monster Manual,30/09/2014,23.0,10.0,21.0,14.0,11.0,19.0,1,0,dragon,Evil,Monster Manual
young-remorhaz,,5.0,monstrosity,Large,14,93,unaligned,0,Monster Manual,30/09/2014,18.0,13.0,17.0,3.0,10.0,4.0,0,0,monstrosity,Unaligned,Monster Manual
young-silver-dragon,https://www.aidedd.org/dnd/monstres.php?vo=young-silver-dragon,9.0,dragon,Large,18,168,lawful good,0,Monster Manual (SRD),12/01/2016,23.0,10.0,21.0,14.0,11.0,19.0,1,0,dragon,Good,Monster Manual (SRD)
young-white-dragon,https://www.aidedd.org/dnd/monstres.php?vo=young-white-dragon,6.0,dragon,Large,17,133,chaotic evil,0,Monster Manual (SRD),12/01/2016,18.0,10.0,18.0,6.0,11.0,12.0,1,1,dragon,Evil,Monster Manual (SRD)
yuan-ti-abomination,https://www.aidedd.org/dnd/monstres.php?vo=yuan-ti-abomination,7.0,"monstrosity (shapechanger, yuan-ti)",Large,15,127,neutral evil,0,Monster Manual (BR),03/07/2014,19.0,16.0,17.0,17.0,15.0,18.0,0,0,monstrosity,Evil,Monster Manual (BR)
yuan-ti-anathema,,12.0,"monstrosity (shapechanger, yuan-ti)",Huge,16,189,neutral evil,0,Volo's Guide to Monsters,15/11/2016,23.0,13.0,19.0,19.0,17.0,20.0,0,1,monstrosity,Evil,Volo's Guide to Monsters
yuan-ti-broodguard,,2.0,humanoid (yuan-ti),Medium,14,45,neutral evil,0,Volo's Guide to Monsters,15/11/2016,15.0,14.0,14.0,6.0,11.0,4.0,0,0,humanoid,Evil,Volo's Guide to Monsters
yuan-ti-malison,https://www.aidedd.org/dnd/monstres.php?vo=yuan-ti-malison,3.0,"monstrosity (shapechanger, yuan-ti)",Medium,12,66,neutral evil,0,Monster Manual (BR),03/07/2014,16.0,14.0,13.0,14.0,12.0,16.0,0,0,monstrosity,Evil,Monster Manual (BR)
yuan-ti-mind-whisperer,,4.0,"monstrosity (shapechanger, yuan-ti)",Medium,14,71,neutral evil,0,Volo's Guide to Monsters,15/11/2016,16.0,14.0,13.0,14.0,14.0,16.0,0,0,monstrosity,Evil,Volo's Guide to Monsters
yuan-ti-nightmare-speaker,https://www.aidedd.org/dnd/monstres.php?vo=yuan-ti-nightmare-speaker,4.0,"monstrosity (shapechanger, yuan-ti)",Medium,14,71,neutral evil,0,Volo's Guide to Monsters,15/11/2016,16.0,14.0,13.0,14.0,12.0,16.0,0,0,monstrosity,Evil,Volo's Guide to Monsters
yuan-ti-pit-master,,5.0,"monstrosity (shapechanger, yuan-ti)",Medium,14,88,neutral evil,0,Volo's Guide to Monsters,15/11/2016,16.0,14.0,13.0,14.0,12.0,16.0,0,0,monstrosity,Evil,Volo's Guide to Monsters
yuan-ti-pureblood,https://www.aidedd.org/dnd/monstres.php?vo=yuan-ti-pureblood,1.0,humanoid (yuan-ti),Medium,11,40,neutral evil,0,Monster Manual (BR),03/07/2014,11.0,12.0,11.0,13.0,12.0,14.0,0,0,humanoid,Evil,Monster Manual (BR)
zaratan,,22.0,elemental,Gargantuan,21,307,neutral,0,Mordenkainen's Tome of Foes,29/05/2018,30.0,10.0,30.0,2.0,21.0,18.0,0,1,elemental,Neutral,Mordenkainen's Tome of Foes
zariel,https://www.aidedd.org/dnd/monstres.php?vo=zariel,26.0,fiend (devil),Large,21,580,lawful evil,1,Mordenkainen's Tome of Foes,29/05/2018,27.0,24.0,28.0,26.0,27.0,30.0,1,0,fiend,Evil,Mordenkainen's Tome of Foes
zombie,https://www.aidedd.org/dnd/monstres.php?vo=zombie,0.25,undead,Medium,8,22,neutral evil,0,Monster Manual (SRD),12/01/2016,13.0,6.0,16.0,3.0,6.0,5.0,0,0,undead,Evil,Monster Manual (SRD)
zuggtmoy,,23.0,fiend (demon),Large,18,304,chaotic evil,0,Mordenkainen's Tome of Foes,29/05/2018,22.0,15.0,18.0,20.0,19.0,24.0,0,0,fiend,Evil,Mordenkainen's Tome of Foes
